key,weight,event_idx,time,lat,lon,depth_km,n_picks,n_p,n_s,n_stations,n_p_and_s,misfit_s,nearest_event,nearest_dt_s,nearest_dist_km,nearest_class
kaikoura_2016,jma_wc,0,2016-11-13 11:17:26.332549888+00:00,-41.9241519520497,173.60101620491434,15.9375,7,5,2,5,2,0.9773185934339251,2016p858027,7.34,83.6,5<|dt|<=30s
kaikoura_2016,jma_wc,3,2016-11-13 11:21:17.107792896+00:00,-42.353150594109955,173.66295980199504,15.9375,6,4,2,4,2,0.4814602533976237,2016p858034,1.47,59.6,"|dt|<=5s, dist>30km"
kaikoura_2016,jma_wc,5,2016-11-13 11:26:38.356977920+00:00,-41.726127822191685,173.62140766462358,17.8125,9,4,5,6,3,0.6670307053460015,2016p858048,-83.26,36.5,30<|dt|<=120s
kaikoura_2016,jma_wc,6,2016-11-13 11:26:53.577102336+00:00,-41.82513891602177,173.62145481626823,15.9375,6,3,3,3,3,0.5117044448852539,2016p858048,-68.04,36.0,30<|dt|<=120s
kaikoura_2016,jma_wc,8,2016-11-13 11:28:42.480081408+00:00,-42.716127808115175,173.68412357180975,30.9375,6,3,3,4,2,0.5284287532170614,2016p858049,25.35,103.2,5<|dt|<=30s
kaikoura_2016,jma_wc,9,2016-11-13 11:29:47.449010944+00:00,-42.73258554684953,173.45589814307127,8.4375,6,4,2,4,2,0.9138114054997762,2016p858052,-37.44,24.0,30<|dt|<=120s
kaikoura_2016,jma_wc,10,2016-11-13 11:30:51.483554048+00:00,-42.00658149839087,173.72410395651053,14.0625,7,3,4,4,3,0.2473646913255964,2016p858054,11.04,111.1,5<|dt|<=30s
kaikoura_2016,jma_wc,12,2016-11-13 11:34:36.459685632+00:00,-41.67586434986595,174.0091178317042,15.9375,6,4,2,4,2,0.7130040327707926,2016p858059,-29.25,64.4,5<|dt|<=30s
kaikoura_2016,jma_wc,15,2016-11-13 11:36:30.028906496+00:00,-41.838656081992994,174.4193478022801,14.0625,6,3,3,4,2,0.31016023953755695,2016p858062,47.74,20.6,30<|dt|<=120s
kaikoura_2016,jma_wc,16,2016-11-13 11:39:25.955416320+00:00,-41.82476012434066,173.88736022679203,23.4375,7,4,3,4,3,0.2552644525255476,2016p858072,-56.74,131.4,30<|dt|<=120s
kaikoura_2016,jma_wc,20,2016-11-13 11:43:36.477391360+00:00,-42.82886314207937,172.79066109942323,59.0625,6,3,3,4,2,0.6396755377451578,2016p858077,-39.78,136.7,30<|dt|<=120s
kaikoura_2016,jma_wc,21,2016-11-13 11:45:04.942467072+00:00,-42.38613598579063,173.49791329304094,2.8125,7,4,3,5,2,0.21683648654392787,2016p858080,-21.05,98.5,5<|dt|<=30s
kaikoura_2016,jma_wc,25,2016-11-13 11:50:08.489725184+00:00,-42.02097758250536,174.29860957905396,0.9375,7,4,3,5,2,0.9801820346287319,2016p858089,-5.15,29.2,5<|dt|<=30s
kaikoura_2016,jma_wc,27,2016-11-13 11:51:38.494607360+00:00,-41.29705997392089,173.6212060455742,40.3125,7,4,3,5,2,0.1489079679761614,2016p858093,34.82,117.9,30<|dt|<=120s
kaikoura_2016,jma_wc,28,2016-11-13 11:52:00.953114624+00:00,-41.92115517935028,174.42041428802537,0.9375,6,4,2,4,2,0.6277523438135783,2016p858094,-43.4,74.3,30<|dt|<=120s
kaikoura_2016,jma_wc,30,2016-11-13 11:56:24.825562624+00:00,-41.772943135050674,174.3776263378858,12.1875,6,3,3,3,3,0.09694043795267741,2016p858095,163.08,10.0,|dt|>120s
kaikoura_2016,jma_wc,31,2016-11-13 11:58:41.310665728+00:00,-41.97272974913889,174.05205777984773,0.9375,7,4,3,5,2,0.36768460273742676,2016p858109,-56.41,39.9,30<|dt|<=120s
kaikoura_2016,jma_wc,33,2016-11-13 12:01:40.002383616+00:00,-42.01902309846422,172.61624807046306,59.0625,7,4,3,5,2,0.2268944808415004,2016p858110,41.08,149.8,30<|dt|<=120s
kaikoura_2016,jma_wc,34,2016-11-13 12:02:59.746539008+00:00,-41.50992636948501,174.21159553822156,0.9375,6,3,3,4,2,0.5018563667933146,2016p858115,-55.83,25.0,30<|dt|<=120s
kaikoura_2016,jma_wc,35,2016-11-13 12:03:16.340590592+00:00,-42.86091722972668,174.51605560730013,59.0625,8,5,3,6,2,0.5753116011619568,2016p858115,-39.24,128.8,30<|dt|<=120s
kaikoura_2016,jma_wc,37,2016-11-13 12:05:07.883889408+00:00,-41.69203974171396,174.0908710641402,15.9375,6,3,3,4,2,0.40309325853983563,2016p858117,41.21,13.4,30<|dt|<=120s
kaikoura_2016,jma_wc,38,2016-11-13 12:05:59.435990528+00:00,-42.64538970181539,174.63717923636827,59.0625,6,3,3,4,2,0.4971163272857666,2016p858118,-40.23,150.3,30<|dt|<=120s
kaikoura_2016,jma_wc,39,2016-11-13 12:06:12.370609920+00:00,-41.825106135701404,173.68281798988906,36.5625,6,3,3,4,2,0.6396304766337076,2016p858118,-27.3,111.4,5<|dt|<=30s
kaikoura_2016,jma_wc,40,2016-11-13 12:06:55.282365440+00:00,-41.88910109231491,174.27667717686342,12.1875,7,5,2,5,2,0.09660901342119489,2016p858118,15.61,144.0,5<|dt|<=30s
kaikoura_2016,jma_wc,41,2016-11-13 12:07:20.166607616+00:00,-41.82321953268783,174.2555199388227,0.9375,7,4,3,5,2,0.5462043285369873,2016p858122,-9.58,64.9,5<|dt|<=30s
kaikoura_2016,jma_wc,42,2016-11-13 12:09:10.431654912+00:00,-41.70721358669753,174.33599077087874,0.9375,8,4,4,5,3,0.4392370581626892,2016p858126,-50.08,5.0,30<|dt|<=120s
kaikoura_2016,jma_wc,45,2016-11-13 12:11:11.307781632+00:00,-41.97357912192698,173.72403510493987,15.9375,7,5,2,5,2,0.14952049936567033,2016p858131,-34.54,42.2,30<|dt|<=120s
kaikoura_2016,jma_wc,46,2016-11-13 12:11:58.945381376+00:00,-41.67504912335475,174.1927730550365,34.6875,8,5,3,5,3,0.45659250020980835,2016p858134,-1.69,35.8,"|dt|<=5s, dist>30km"
kaikoura_2016,jma_wc,48,2016-11-13 12:13:53.844531712+00:00,-41.115397247837976,173.41879676733376,0.9375,6,3,3,4,2,0.4300805727640788,2016p858132,32.3,88.6,30<|dt|<=120s
kaikoura_2016,jma_wc,50,2016-11-13 12:15:33.966856704+00:00,-41.74201239503132,173.9686910042696,0.9375,6,4,2,4,2,0.5607755184173584,2016p858139,-53.37,11.7,30<|dt|<=120s
kaikoura_2016,jma_wc,51,2016-11-13 12:15:46.709383680+00:00,-42.28696815787401,173.37444027705288,15.9375,7,5,2,5,2,0.6222450733184814,2016p858139,-40.62,72.1,30<|dt|<=120s
kaikoura_2016,jma_wc,53,2016-11-13 12:16:52.331157760+00:00,-41.83959985743535,174.27614829458597,17.8125,7,4,3,5,2,0.42708100591387066,2016p858139,25.0,22.0,5<|dt|<=30s
kaikoura_2016,jma_wc,54,2016-11-13 12:17:22.333844992+00:00,-42.17165688018414,173.53935901381436,0.9375,7,4,3,5,2,0.7199230875287738,2016p858144,-35.82,23.1,30<|dt|<=120s
kaikoura_2016,jma_wc,55,2016-11-13 12:18:04.088600064+00:00,-41.85597635017295,174.29678718010834,12.1875,6,3,3,4,2,0.2723945776621501,2016p858144,5.93,54.4,5<|dt|<=30s
kaikoura_2016,jma_wc,57,2016-11-13 12:20:01.505847808+00:00,-42.122143518221115,173.51884940627414,40.3125,7,3,4,5,2,0.3229061876024519,2016p858145,31.67,74.6,30<|dt|<=120s
kaikoura_2016,jma_wc,58,2016-11-13 12:20:37.831893760+00:00,-41.822975525031026,174.29642452460948,12.1875,7,5,2,5,2,0.21711969375610352,2016p858147,-3.07,57.8,"|dt|<=5s, dist>30km"
kaikoura_2016,jma_wc,59,2016-11-13 12:21:29.881185280+00:00,-41.75721674262961,174.25483837397041,0.9375,7,5,2,5,2,0.36027560915265766,2016p858146,-43.14,3.1,30<|dt|<=120s
kaikoura_2016,jma_wc,62,2016-11-13 12:25:10.838347264+00:00,-41.94057655498019,173.72396636844576,23.4375,7,4,3,5,2,0.16970157623291016,2016p858156,-44.53,107.4,30<|dt|<=120s
kaikoura_2016,jma_wc,63,2016-11-13 12:26:13.695600896+00:00,-41.90646339220656,174.11302123325575,10.3125,8,4,4,5,3,0.41047316789627075,2016p858156,18.33,133.0,5<|dt|<=30s
kaikoura_2016,jma_wc,64,2016-11-13 12:27:28.222049792+00:00,-42.270538161355425,173.76585438496122,0.9375,6,4,2,4,2,0.6916358868281046,2016p858160,-32.09,6.5,30<|dt|<=120s
kaikoura_2016,jma_wc,66,2016-11-13 12:29:39.051753216+00:00,-42.27061584570364,173.47748523195918,59.0625,7,3,4,5,2,0.5822948387690953,2016p858160,98.74,22.2,30<|dt|<=120s
kaikoura_2016,jma_wc,68,2016-11-13 12:33:11.951964160+00:00,-42.11929525489115,174.40244552608024,27.1875,7,3,4,5,2,0.622779096875872,2016p858170,-4.24,41.8,"|dt|<=5s, dist>30km"
kaikoura_2016,jma_wc,69,2016-11-13 12:34:11.441866752+00:00,-41.64312867534809,173.92731925671515,42.1875,7,3,4,4,3,0.7015713282993862,2016p858172,-7.19,137.5,5<|dt|<=30s
kaikoura_2016,jma_wc,70,2016-11-13 12:34:41.677953536+00:00,-41.822156117156766,174.4191350392641,14.0625,7,5,2,5,2,0.33860295159476145,2016p858172,23.05,152.7,5<|dt|<=30s
kaikoura_2016,jma_wc,71,2016-11-13 12:37:48.176769536+00:00,-42.03941855305782,173.3547589746975,45.9375,7,5,2,5,2,0.6498828615461077,2016p858178,3.22,41.2,"|dt|<=5s, dist>30km"
kaikoura_2016,jma_wc,73,2016-11-13 12:40:15.590076160+00:00,-41.7737175123347,174.25500855181127,15.9375,6,4,2,4,2,0.2883176803588867,2016p858181,19.01,26.8,5<|dt|<=30s
kaikoura_2016,jma_wc,74,2016-11-13 12:41:56.215788800+00:00,-41.37952531151266,173.70250112190882,0.9375,8,6,2,6,2,0.43593350052833557,2016p858185,31.93,135.1,30<|dt|<=120s
kaikoura_2016,jma_wc,75,2016-11-13 12:42:46.184302592+00:00,-41.442927475019836,172.80791999872582,55.3125,6,4,2,4,2,0.10209981600443523,2016p858185,81.9,124.5,30<|dt|<=120s
kaikoura_2016,jma_wc,76,2016-11-13 12:43:43.304178432+00:00,-41.49508807873856,173.64164878760283,40.3125,9,5,4,6,3,0.6975648668077257,2016p858192,-87.15,115.2,30<|dt|<=120s
kaikoura_2016,jma_wc,79,2016-11-13 12:47:56.573634048+00:00,-41.85558257729946,174.3581745991134,21.5625,8,5,3,5,3,0.6404901444911957,2016p858199,-37.77,71.0,30<|dt|<=120s
kaikoura_2016,jma_wc,81,2016-11-13 12:50:37.241774336+00:00,-42.13124422777828,172.2856947086857,53.4375,6,3,3,4,2,0.37940657138824463,2016p858206,-102.05,114.7,30<|dt|<=120s
kaikoura_2016,jma_wc,82,2016-11-13 12:51:49.679942400+00:00,-41.2469432710217,173.2157221178045,47.8125,6,3,3,4,2,0.8237178325653076,2016p858206,-29.61,114.9,5<|dt|<=30s
kaikoura_2016,jma_wc,85,2016-11-13 12:54:08.073036288+00:00,-42.0231559650804,173.5599965762621,14.0625,7,4,3,5,2,0.4208592687334333,2016p858207,75.35,14.0,30<|dt|<=120s
kaikoura_2016,jma_wc,86,2016-11-13 12:55:23.152860672+00:00,-41.924140987465755,173.641988199088,25.3125,6,3,3,4,2,0.3020468552907308,2016p858213,-53.96,69.7,30<|dt|<=120s
kaikoura_2016,jma_wc,87,2016-11-13 12:56:19.596956160+00:00,-41.74171459923723,174.05040065287696,0.9375,8,5,3,6,2,0.6371520459651947,2016p858213,2.49,92.8,"|dt|<=5s, dist>30km"
kaikoura_2016,jma_wc,90,2016-11-13 12:58:18.229119488+00:00,-41.89076569557645,173.8876653571943,21.5625,10,6,4,6,4,0.30954957008361816,2016p858219,-12.23,26.7,5<|dt|<=30s
kaikoura_2016,jma_wc,92,2016-11-13 13:00:05.733075968+00:00,-41.856220638919744,174.25586157611326,12.1875,7,5,2,5,2,0.08420065471104213,2016p858218,55.93,17.9,30<|dt|<=120s
kaikoura_2016,jma_wc,93,2016-11-13 13:00:28.424479488+00:00,-41.214471937429074,173.4590635729432,17.8125,6,4,2,4,2,0.38960544268290204,2016p858218,78.62,86.6,30<|dt|<=120s
kaikoura_2016,jma_wc,94,2016-11-13 13:01:06.577461504+00:00,-41.822848059476186,174.31687662425557,10.3125,7,4,3,4,3,0.105116639818464,2016p858218,116.78,14.6,30<|dt|<=120s
kaikoura_2016,jma_wc,95,2016-11-13 13:01:28.520472320+00:00,-41.312404015037096,173.07329451919588,30.9375,6,4,2,4,2,0.25301678975423175,2016p858218,138.72,108.8,|dt|>120s
kaikoura_2016,jma_wc,96,2016-11-13 13:02:03.790922496+00:00,-42.353150594109955,173.66295980199504,4.6875,6,3,3,4,2,0.6139808098475138,2016p858231,-155.73,86.1,|dt|>120s
kaikoura_2016,jma_wc,97,2016-11-13 13:03:04.927026176+00:00,-41.82355823459958,174.19416215044316,21.5625,7,4,3,4,3,0.17200064659118652,2016p858231,-94.6,12.9,30<|dt|<=120s
kaikoura_2016,jma_wc,98,2016-11-13 13:03:58.014835200+00:00,-41.82508792443449,173.70327235218102,25.3125,7,4,3,5,2,0.3576374053955078,2016p858231,-41.51,47.8,30<|dt|<=120s
kaikoura_2016,jma_wc,102,2016-11-13 13:07:27.463546880+00:00,-42.00472323353202,174.25740603076602,15.9375,6,3,3,4,2,1.1658807595570881,2016p858230,106.8,30.3,30<|dt|<=120s
kaikoura_2016,jma_wc,103,2016-11-13 13:08:00.364499712+00:00,-41.823958856842104,174.1123502261501,19.6875,7,4,3,4,3,0.41499243463788715,2016p858239,-118.88,6.9,30<|dt|<=120s
kaikoura_2016,jma_wc,104,2016-11-13 13:08:58.452183296+00:00,-42.07237627293603,173.84744306779274,8.4375,7,5,2,5,2,0.31531078474862234,2016p858239,-60.79,42.1,30<|dt|<=120s
kaikoura_2016,jma_wc,106,2016-11-13 13:10:31.467142656+00:00,-41.82512070472634,173.6623636106253,25.3125,7,5,2,5,2,0.7018143108912877,2016p858239,32.22,42.3,30<|dt|<=120s
kaikoura_2016,jma_wc,107,2016-11-13 13:10:45.431855360+00:00,-42.20084965645484,174.52693793609978,51.5625,6,4,2,4,2,0.42838525772094727,2016p858239,46.19,55.5,30<|dt|<=120s
kaikoura_2016,jma_wc,109,2016-11-13 13:14:12.362441216+00:00,-41.823336074662386,174.23506746022014,25.3125,6,3,3,4,2,0.43116335074106854,2016p858251,-23.5,29.0,5<|dt|<=30s
kaikoura_2016,jma_wc,111,2016-11-13 13:15:08.268482048+00:00,-41.8227169528585,174.33732859004493,15.9375,6,4,2,4,2,0.19446341196695963,2016p858251,32.41,34.7,30<|dt|<=120s
kaikoura_2016,jma_wc,112,2016-11-13 13:15:29.398402048+00:00,-41.82321953268783,174.2555199388227,25.3125,8,4,4,5,3,0.5195772051811218,2016p858250,-17.96,110.7,5<|dt|<=30s
kaikoura_2016,jma_wc,114,2016-11-13 13:16:49.989509632+00:00,-42.46447174998506,174.57217792872174,47.8125,7,5,2,5,2,0.14949308122907365,2016p858253,-25.98,87.2,5<|dt|<=30s
kaikoura_2016,jma_wc,116,2016-11-13 13:19:17.974030336+00:00,-41.74034551950822,174.3159464362101,12.1875,8,5,3,5,3,0.2291381061077118,2016p858255,35.09,21.0,30<|dt|<=120s
kaikoura_2016,jma_wc,119,2016-11-13 13:22:56.552235008+00:00,-41.87306040715269,174.19462750720226,10.3125,7,4,3,4,3,0.2730675084250314,2016p858260,105.47,9.1,30<|dt|<=120s
kaikoura_2016,jma_wc,120,2016-11-13 13:24:23.392314880+00:00,-42.402505959527744,173.39468468840303,0.9375,6,4,2,4,2,0.42848114172617596,2016p858268,-61.85,110.9,30<|dt|<=120s
kaikoura_2016,jma_wc,122,2016-11-13 13:26:05.576423168+00:00,-41.9217179551862,174.3384815343975,0.9375,8,5,3,6,2,0.7059759199619293,2016p858268,40.33,22.4,30<|dt|<=120s
kaikoura_2016,jma_wc,123,2016-11-13 13:26:29.571284224+00:00,-41.823099349456456,174.27597229487552,23.4375,8,4,4,5,3,0.48134082555770874,2016p858272,-28.44,12.4,5<|dt|<=30s
kaikoura_2016,jma_wc,126,2016-11-13 13:27:59.503807232+00:00,-41.806718907367326,174.2553493341,17.8125,6,4,2,4,2,0.5006333589553833,2016p858271,41.91,14.3,30<|dt|<=120s
kaikoura_2016,jma_wc,127,2016-11-13 13:28:25.661774080+00:00,-41.95248990610623,174.62576831836242,0.9375,7,4,3,5,2,0.6846330847058978,2016p858271,68.07,45.3,30<|dt|<=120s
kaikoura_2016,jma_wc,129,2016-11-13 13:31:14.886415104+00:00,-41.70771414480166,174.25432869201697,4.6875,9,5,4,5,4,0.505921204884847,2016p858279,-12.62,80.6,5<|dt|<=30s
kaikoura_2016,jma_wc,130,2016-11-13 13:32:23.947057920+00:00,-41.707942664445085,174.21349690726382,6.5625,8,3,5,5,3,0.3278157114982605,2016p858279,56.44,78.5,30<|dt|<=120s
kaikoura_2016,jma_wc,131,2016-11-13 13:33:43.720609024+00:00,-41.973029954553795,173.9700535567715,23.4375,6,4,2,4,2,0.1543275515238444,2016p858281,5.24,31.9,5<|dt|<=30s
kaikoura_2016,jma_wc,132,2016-11-13 13:35:07.892667136+00:00,-42.353117204930086,173.47733718563546,6.5625,7,5,2,5,2,0.2740039825439453,2016p858286,-7.09,63.5,5<|dt|<=30s
kaikoura_2016,jma_wc,133,2016-11-13 13:35:34.238317312+00:00,-41.97134959176141,174.3185607860058,0.9375,6,3,3,4,2,0.5830463568369547,2016p858286,19.26,70.6,5<|dt|<=30s
kaikoura_2016,jma_wc,134,2016-11-13 13:36:09.439592960+00:00,-42.2211329226638,173.6833909580033,0.9375,8,5,3,6,2,0.5169411301612854,2016p858286,54.46,51.0,30<|dt|<=120s
kaikoura_2016,jma_wc,135,2016-11-13 13:36:32.289595904+00:00,-42.270634342019314,173.49808301601863,14.0625,7,4,3,5,2,0.15664434432983398,2016p858290,-52.72,32.6,30<|dt|<=120s
kaikoura_2016,jma_wc,136,2016-11-13 13:37:56.162595840+00:00,-42.3861731275703,173.60109097838182,0.9375,6,3,3,4,2,0.7130959828694662,2016p858295,-29.06,50.6,5<|dt|<=30s
kaikoura_2016,jma_wc,137,2016-11-13 13:38:29.841979904+00:00,-41.82321953268783,174.2555199388227,8.4375,7,3,4,4,3,0.11835762432643346,2016p858295,4.62,35.8,"|dt|<=5s, dist>30km"
kaikoura_2016,jma_wc,141,2016-11-13 13:41:38.145759232+00:00,-42.70882907224986,174.88714517947935,59.0625,8,5,3,6,2,0.36468398571014404,2016p858297,35.74,107.7,30<|dt|<=120s
kaikoura_2016,jma_wc,143,2016-11-13 13:43:54.209067008+00:00,-42.36963589396427,173.6836088077521,0.9375,6,3,3,4,2,0.5915911992390951,2016p858305,-29.77,16.8,5<|dt|<=30s
kaikoura_2016,jma_wc,144,2016-11-13 13:44:28.823639296+00:00,-41.907548228365805,173.74437837937666,29.0625,8,6,2,6,2,0.4076192080974579,2016p858305,4.84,35.5,"|dt|<=5s, dist>30km"
kaikoura_2016,jma_wc,146,2016-11-13 13:47:10.302621696+00:00,-41.72371421237613,174.33618140958487,12.1875,7,4,3,4,3,0.14428418023245676,2016p858309,19.29,127.5,5<|dt|<=30s
kaikoura_2016,jma_wc,147,2016-11-13 13:47:54.174105856+00:00,-41.31328769149776,173.33710341451075,30.9375,6,3,3,4,2,0.39852654933929443,2016p858309,63.17,133.6,30<|dt|<=120s
kaikoura_2016,jma_wc,150,2016-11-13 13:50:54.216448768+00:00,-41.87380466958478,174.03087593760623,17.8125,9,5,4,5,4,0.2896156311035156,2016p858314,52.97,25.2,30<|dt|<=120s
kaikoura_2016,jma_wc,151,2016-11-13 13:51:30.067312896+00:00,-41.9406314093436,173.66249266669047,15.9375,7,4,3,5,2,0.4553854124886649,2016p858314,88.82,55.9,30<|dt|<=120s
kaikoura_2016,jma_wc,152,2016-11-13 13:51:44.973266688+00:00,-42.813934106905826,174.12059084735822,53.4375,7,5,2,5,2,0.759333746773856,2016p858314,103.72,118.4,30<|dt|<=120s
kaikoura_2016,jma_wc,153,2016-11-13 13:52:37.884237312+00:00,-42.40267319306836,173.58045272654334,12.1875,6,3,3,4,2,0.1880491574605306,2016p858321,-58.38,78.8,30<|dt|<=120s
kaikoura_2016,jma_wc,155,2016-11-13 13:56:46.586943488+00:00,-42.38609512990863,173.45664231441762,23.4375,7,5,2,5,2,0.3667483329772949,2016p858327,4.1,62.6,"|dt|<=5s, dist>30km"
kaikoura_2016,jma_wc,158,2016-11-13 13:59:22.192391680+00:00,-41.757859890607286,174.1322476006626,0.9375,7,4,3,5,2,0.4003673621586391,2016p858332,-20.49,106.7,5<|dt|<=30s
kaikoura_2016,jma_wc,159,2016-11-13 14:00:24.108298496+00:00,-41.75721674262961,174.25483837397041,25.3125,7,5,2,5,2,0.36027707372392925,2016p858334,-3.42,45.4,"|dt|<=5s, dist>30km"
kaikoura_2016,jma_wc,161,2016-11-13 14:02:27.753436928+00:00,-41.707830217958985,174.23391285863076,30.9375,6,3,3,3,3,0.17850589752197266,2016p858335,64.72,60.0,30<|dt|<=120s
kaikoura_2016,jma_wc,162,2016-11-13 14:03:31.718241536+00:00,-42.204591755826236,173.7245194951119,0.9375,7,5,2,5,2,0.5489903518131801,2016p858337,-9.42,63.2,5<|dt|<=30s
kaikoura_2016,jma_wc,163,2016-11-13 14:04:07.412051456+00:00,-42.25416719083193,173.62166189576593,23.4375,7,5,2,5,2,0.13046070507594518,2016p858338,3.47,31.8,"|dt|<=5s, dist>30km"
kaikoura_2016,jma_wc,164,2016-11-13 14:06:13.116384512+00:00,-41.72421505885952,174.25449844421013,12.1875,6,4,2,4,2,0.3401651382446289,2016p858343,-13.65,68.3,5<|dt|<=30s
kaikoura_2016,jma_wc,169,2016-11-13 14:11:45.301368832+00:00,-42.05300069602527,174.4426551250428,0.9375,6,3,3,4,2,0.5713276465733846,2016p858356,-43.83,33.1,30<|dt|<=120s
kaikoura_2016,instance,0,2016-11-13 11:14:58.450189568+00:00,-41.8393484227529,174.31706312843315,14.0625,6,4,2,4,2,0.8256775538126627,2016p858025,-68.69,140.8,30<|dt|<=120s
kaikoura_2016,instance,4,2016-11-13 11:20:43.188964096+00:00,-42.00655584075292,173.74461631326494,12.1875,7,5,2,5,2,0.07353459085736956,2016p858034,-32.44,89.4,30<|dt|<=120s
kaikoura_2016,instance,8,2016-11-13 11:28:53.763873280+00:00,-42.138463901716364,173.80659994644284,0.9375,6,4,2,4,2,0.3874008258183797,2016p858049,36.63,43.6,30<|dt|<=120s
kaikoura_2016,instance,9,2016-11-13 11:30:06.245386496+00:00,-41.724095290130144,174.2749193776851,10.3125,7,4,3,5,2,0.345949615750994,2016p858052,-18.64,117.3,5<|dt|<=30s
kaikoura_2016,instance,11,2016-11-13 11:30:51.457234176+00:00,-42.00658149839087,173.72410395651053,14.0625,8,4,4,4,4,0.23368388414382935,2016p858054,11.01,111.1,5<|dt|<=30s
kaikoura_2016,instance,17,2016-11-13 11:37:04.944712704+00:00,-42.055148440686246,174.07318168826558,0.9375,8,5,3,5,3,0.5637911856174469,2016p858062,82.65,35.7,30<|dt|<=120s
kaikoura_2016,instance,18,2016-11-13 11:38:06.768550912+00:00,-42.18760426817328,173.95076274578767,0.9375,7,4,3,5,2,0.7120788097381592,2016p858072,-135.92,111.0,|dt|>120s
kaikoura_2016,instance,19,2016-11-13 11:39:24.070799104+00:00,-41.82485846382957,173.8464520962127,30.9375,7,3,4,4,3,0.5026830945696149,2016p858072,-58.62,129.0,30<|dt|<=120s
kaikoura_2016,instance,20,2016-11-13 11:39:53.122718208+00:00,-41.88956103524901,174.19478288553387,12.1875,7,5,2,5,2,0.15019209044320242,2016p858072,-29.57,145.9,5<|dt|<=30s
kaikoura_2016,instance,24,2016-11-13 11:43:42.947374336+00:00,-42.84810032201035,173.47643572965222,59.0625,7,3,4,5,2,0.7304706573486328,2016p858077,-33.31,110.3,30<|dt|<=120s
kaikoura_2016,instance,25,2016-11-13 11:45:01.869142784+00:00,-42.56767122617493,173.58042557058158,6.5625,8,5,3,6,2,0.5588017702102661,2016p858080,-24.12,111.7,5<|dt|<=30s
kaikoura_2016,instance,30,2016-11-13 11:50:08.484011008+00:00,-42.02097758250536,174.29860957905396,0.9375,7,4,3,5,2,0.9667126791817802,2016p858089,-5.15,29.2,5<|dt|<=30s
kaikoura_2016,instance,32,2016-11-13 11:51:28.625592576+00:00,-40.93323962424862,173.1771482446951,15.9375,6,3,3,4,2,0.6403856674830118,2016p858093,24.95,159.2,5<|dt|<=30s
kaikoura_2016,instance,35,2016-11-13 11:56:24.566020608+00:00,-41.82244381671026,174.37823210497902,10.3125,9,5,4,5,4,0.44093921449449325,2016p858095,162.82,13.9,|dt|>120s
kaikoura_2016,instance,36,2016-11-13 11:57:47.546681344+00:00,-42.006031698734866,173.97024951209409,0.9375,6,4,2,4,2,0.21638397375742593,2016p858109,-110.18,33.7,30<|dt|<=120s
kaikoura_2016,instance,37,2016-11-13 11:58:44.753794048+00:00,-41.75795436598822,174.11181543479194,10.3125,7,4,3,5,2,0.18481670107160295,2016p858109,-52.97,63.7,30<|dt|<=120s
kaikoura_2016,instance,41,2016-11-13 12:02:03.607853056+00:00,-42.204591755826236,173.7245194951119,0.9375,6,4,2,4,2,0.6121447483698527,2016p858110,64.68,83.2,30<|dt|<=120s
kaikoura_2016,instance,42,2016-11-13 12:03:49.286792960+00:00,-41.82512070472634,173.6623636106253,47.8125,6,3,3,4,2,0.6088620821634928,2016p858115,-6.29,42.9,5<|dt|<=30s
kaikoura_2016,instance,44,2016-11-13 12:06:09.909369344+00:00,-42.122033113220255,173.7654449579632,21.5625,8,5,3,6,2,0.5941255390644073,2016p858118,-29.76,94.4,5<|dt|<=30s
kaikoura_2016,instance,45,2016-11-13 12:06:55.175054336+00:00,-41.88910109231491,174.27667717686342,14.0625,8,4,4,4,4,0.1347498595714569,2016p858118,15.5,144.0,5<|dt|<=30s
kaikoura_2016,instance,46,2016-11-13 12:07:18.556357120+00:00,-41.87247669042526,174.2969687352319,2.8125,8,4,4,4,4,0.07648459076881409,2016p858122,-11.19,65.1,5<|dt|<=30s
kaikoura_2016,instance,47,2016-11-13 12:07:34.434978816+00:00,-41.77265593198715,174.41849781538744,10.3125,6,3,3,4,2,0.3955397605895996,2016p858122,4.69,79.3,"|dt|<=5s, dist>30km"
kaikoura_2016,instance,48,2016-11-13 12:08:36.549684736+00:00,-41.93927106351138,174.15427032019133,10.3125,6,3,3,4,2,0.3412832021713257,2016p858122,66.81,51.2,30<|dt|<=120s
kaikoura_2016,instance,49,2016-11-13 12:09:08.202093824+00:00,-41.8227169528585,174.33732859004493,15.9375,9,4,5,5,4,0.3886551062266032,2016p858126,-52.31,17.7,30<|dt|<=120s
kaikoura_2016,instance,51,2016-11-13 12:11:11.053573120+00:00,-41.990080333970674,173.72406951632667,15.9375,8,4,4,6,2,0.16180825233459473,2016p858131,-34.8,42.4,30<|dt|<=120s
kaikoura_2016,instance,52,2016-11-13 12:11:58.554211072+00:00,-41.69121318263337,174.25415908143307,34.6875,10,5,5,5,5,0.4974967479705811,2016p858134,-2.08,37.0,"|dt|<=5s, dist>30km"
kaikoura_2016,instance,55,2016-11-13 12:13:53.545664512+00:00,-41.214471937429074,173.4590635729432,30.9375,6,3,3,4,2,0.5585339864095052,2016p858132,32.0,77.5,30<|dt|<=120s
kaikoura_2016,instance,57,2016-11-13 12:15:54.573582336+00:00,-41.988871489425755,174.13420091522894,0.9375,7,5,2,5,2,0.46797800064086914,2016p858139,-32.76,19.2,30<|dt|<=120s
kaikoura_2016,instance,59,2016-11-13 12:16:50.631128320+00:00,-41.838506685149426,174.43980429359812,10.3125,6,3,3,3,3,0.5372501214345297,2016p858139,23.3,35.6,5<|dt|<=30s
kaikoura_2016,instance,60,2016-11-13 12:17:21.764464128+00:00,-42.221036907709966,173.76571756606003,0.9375,7,3,4,5,2,0.8468363625662667,2016p858144,-36.39,5.4,30<|dt|<=120s
kaikoura_2016,instance,63,2016-11-13 12:20:34.364225536+00:00,-41.98744294482159,174.38026233038772,0.9375,8,5,3,6,2,0.6679378747940063,2016p858147,-6.54,46.9,5<|dt|<=30s
kaikoura_2016,instance,64,2016-11-13 12:21:28.751390464+00:00,-41.7734739257781,174.2958816760361,8.4375,7,4,3,4,3,0.28749431882585796,2016p858146,-44.27,4.7,30<|dt|<=120s
kaikoura_2016,instance,67,2016-11-13 12:25:07.880312064+00:00,-42.10503578427697,173.97083934947463,12.1875,7,4,3,5,2,0.564711434500558,2016p858150,42.81,73.1,30<|dt|<=120s
kaikoura_2016,instance,68,2016-11-13 12:25:57.158210816+00:00,-42.0061599840319,173.92922578012815,0.9375,7,5,2,5,2,0.7257574285779681,2016p858156,1.79,114.2,"|dt|<=5s, dist>30km"
kaikoura_2016,instance,69,2016-11-13 12:26:12.422110208+00:00,-41.88976910799051,174.15383505469634,21.5625,9,4,5,5,4,0.3898739814758301,2016p858156,17.06,136.8,5<|dt|<=30s
kaikoura_2016,instance,71,2016-11-13 12:29:56.989446912+00:00,-41.94015600963168,173.9288765274587,17.8125,8,4,4,4,4,0.1997079849243164,2016p858167,-86.36,21.2,30<|dt|<=120s
kaikoura_2016,instance,72,2016-11-13 12:30:52.540024832+00:00,-42.814582525995895,173.954377560386,0.9375,6,4,2,4,2,0.9800005356470743,2016p858167,-30.81,106.9,30<|dt|<=120s
kaikoura_2016,instance,74,2016-11-13 12:32:07.874428416+00:00,-41.70962943436321,173.60098207960937,0.9375,6,4,2,4,2,0.8062708377838135,2016p858171,-14.1,63.8,5<|dt|<=30s
kaikoura_2016,instance,76,2016-11-13 12:33:54.081441792+00:00,-41.74213950428418,173.92783574835966,0.9375,6,4,2,4,2,1.0651094913482666,2016p858172,-24.55,128.9,5<|dt|<=30s
kaikoura_2016,instance,77,2016-11-13 12:34:41.853923328+00:00,-41.8227169528585,174.33732859004493,17.8125,9,5,4,5,4,0.534449021021525,2016p858172,23.23,147.3,5<|dt|<=30s
kaikoura_2016,instance,78,2016-11-13 12:36:15.892701440+00:00,-41.64356659994704,173.70295604938065,53.4375,7,4,3,4,3,0.4222714900970459,2016p858166,42.93,130.5,30<|dt|<=120s
kaikoura_2016,instance,81,2016-11-13 12:40:13.562682880+00:00,-41.82258220524641,174.35778041820893,19.6875,7,4,3,4,3,0.4569637434823172,2016p858181,16.98,34.1,5<|dt|<=30s
kaikoura_2016,instance,82,2016-11-13 12:40:50.875336960+00:00,-42.204226373580234,173.90970469472134,0.9375,8,5,3,5,3,0.8168355226516724,2016p858184,-3.81,53.6,"|dt|<=5s, dist>30km"
kaikoura_2016,instance,83,2016-11-13 12:41:40.671115008+00:00,-42.36967301441094,173.6010882775747,47.8125,6,3,3,4,2,0.7451359430948893,2016p858185,16.39,39.3,5<|dt|<=30s
kaikoura_2016,instance,84,2016-11-13 12:43:43.079079680+00:00,-41.857453064429,173.98983452867552,6.5625,8,6,2,6,2,0.7549854218959808,2016p858192,-87.37,91.8,30<|dt|<=120s
kaikoura_2016,instance,88,2016-11-13 12:47:56.465730560+00:00,-41.87180178824675,174.3993067016227,15.9375,9,5,4,5,4,0.6714843644036187,2016p858199,-37.87,72.3,30<|dt|<=120s
kaikoura_2016,instance,90,2016-11-13 12:49:19.822754560+00:00,-42.32017238898851,173.6010801887371,57.1875,6,3,3,4,2,0.2085183064142863,2016p858199,45.48,11.3,30<|dt|<=120s
kaikoura_2016,instance,91,2016-11-13 12:51:20.077217024+00:00,-42.86214064582368,174.3497285144112,59.0625,7,4,3,5,2,0.624492883682251,2016p858206,-59.21,90.2,30<|dt|<=120s
kaikoura_2016,instance,94,2016-11-13 12:55:14.885328896+00:00,-41.807719884690506,174.0508721415603,4.6875,8,5,3,5,3,0.4284079670906067,2016p858213,-62.22,85.7,30<|dt|<=120s
kaikoura_2016,instance,95,2016-11-13 12:55:22.686871808+00:00,-42.02282589257068,173.86776130831706,17.8125,6,3,3,3,3,0.07098734378814697,2016p858213,-54.42,59.0,30<|dt|<=120s
kaikoura_2016,instance,96,2016-11-13 12:56:15.915637760+00:00,-41.87326836016867,174.1536902085749,0.9375,6,4,2,4,2,0.48222299416859943,2016p858213,-1.19,81.8,"|dt|<=5s, dist>30km"
kaikoura_2016,instance,99,2016-11-13 12:58:18.246446848+00:00,-41.89076569557645,173.8876653571943,21.5625,11,6,5,6,5,0.2810522643002597,2016p858219,-12.21,26.7,5<|dt|<=30s
kaikoura_2016,instance,101,2016-11-13 12:59:48.637309440+00:00,-41.95566917237881,174.17491072951933,21.5625,6,4,2,4,2,0.5783109267552694,2016p858218,38.84,30.1,30<|dt|<=120s
kaikoura_2016,instance,102,2016-11-13 13:00:05.349800704+00:00,-41.88922155258308,174.2562037847844,10.3125,8,5,3,6,2,0.13031595945358276,2016p858218,55.55,21.6,30<|dt|<=120s
kaikoura_2016,instance,103,2016-11-13 13:00:25.744155904+00:00,-41.9565290107887,173.96995570196478,14.0625,7,3,4,4,3,0.20662283897399902,2016p858218,75.94,38.5,30<|dt|<=120s
kaikoura_2016,instance,104,2016-11-13 13:01:06.505934592+00:00,-41.822848059476186,174.31687662425557,10.3125,8,4,4,4,4,0.17454737424850464,2016p858218,116.7,14.6,30<|dt|<=120s
kaikoura_2016,instance,105,2016-11-13 13:01:53.315494656+00:00,-41.890053842460965,174.0924125371215,17.8125,6,3,3,4,2,0.2571035623550415,2016p858218,163.51,26.4,|dt|>120s
kaikoura_2016,instance,106,2016-11-13 13:03:05.253942272+00:00,-41.8236638524462,174.1737093268077,21.5625,8,5,3,5,3,0.32348698377609253,2016p858231,-94.27,13.7,30<|dt|<=120s
kaikoura_2016,instance,107,2016-11-13 13:03:55.236345600+00:00,-42.08896162458449,173.80643206460934,0.9375,7,4,3,4,3,0.2632878507886614,2016p858231,-44.29,55.8,30<|dt|<=120s
kaikoura_2016,instance,111,2016-11-13 13:06:56.097880064+00:00,-42.23696835131107,173.9922168227213,0.9375,6,4,2,4,2,0.3789450327555339,2016p858230,75.44,57.5,30<|dt|<=120s
kaikoura_2016,instance,112,2016-11-13 13:07:31.730162688+00:00,-41.822975525031026,174.29642452460948,8.4375,9,5,4,5,4,0.22696873876783583,2016p858230,111.07,13.6,30<|dt|<=120s
kaikoura_2016,instance,113,2016-11-13 13:08:00.330214144+00:00,-41.823958856842104,174.1123502261501,19.6875,7,4,3,4,3,0.4170332295554025,2016p858239,-118.91,6.9,30<|dt|<=120s
kaikoura_2016,instance,114,2016-11-13 13:08:42.807627520+00:00,-42.41860429555393,173.22946529214124,8.4375,6,3,3,4,2,0.11799895763397217,2016p858239,-76.43,105.2,30<|dt|<=120s
kaikoura_2016,instance,116,2016-11-13 13:10:32.939271936+00:00,-41.824377697388606,174.01008318541935,21.5625,7,4,3,4,3,0.19931956699916295,2016p858239,33.7,14.1,30<|dt|<=120s
kaikoura_2016,instance,117,2016-11-13 13:12:04.070155520+00:00,-42.089031467073625,173.41619201539402,0.9375,7,5,2,5,2,0.8524572508675712,2016p858244,-27.05,58.6,5<|dt|<=30s
kaikoura_2016,instance,119,2016-11-13 13:13:14.404561152+00:00,-41.856220638919744,174.25586157611326,10.3125,6,4,2,4,2,0.05641611417134603,2016p858244,43.28,21.3,30<|dt|<=120s
kaikoura_2016,instance,121,2016-11-13 13:15:07.286219264+00:00,-41.87221767134078,174.3379043396434,17.8125,8,5,3,5,3,0.47277623414993286,2016p858251,31.43,31.3,30<|dt|<=120s
kaikoura_2016,instance,123,2016-11-13 13:17:00.402258176+00:00,-41.939808608971084,174.0313294948856,15.9375,6,4,2,4,2,0.7410486539204916,2016p858253,-15.57,31.5,5<|dt|<=30s
kaikoura_2016,instance,127,2016-11-13 13:19:18.067415296+00:00,-41.74021478979477,174.33637220747394,10.3125,8,3,5,6,2,0.1987626850605011,2016p858255,35.18,22.7,30<|dt|<=120s
kaikoura_2016,instance,130,2016-11-13 13:22:56.297960960+00:00,-41.88956103524901,174.19478288553387,10.3125,8,4,4,4,4,0.19899216294288635,2016p858260,105.21,10.9,30<|dt|<=120s
kaikoura_2016,instance,131,2016-11-13 13:24:31.740978432+00:00,-41.87247669042526,174.2969687352319,0.9375,8,4,4,5,3,0.7299357354640961,2016p858268,-53.5,18.0,30<|dt|<=120s
kaikoura_2016,instance,133,2016-11-13 13:26:28.763102208+00:00,-41.8227169528585,174.33732859004493,23.4375,9,4,5,5,4,0.6550270981258817,2016p858272,-29.25,16.0,5<|dt|<=30s
kaikoura_2016,instance,136,2016-11-13 13:27:59.054500096+00:00,-41.822975525031026,174.29642452460948,14.0625,8,4,4,5,3,0.47648999094963074,2016p858271,41.46,17.0,30<|dt|<=120s
kaikoura_2016,instance,137,2016-11-13 13:28:23.701858048+00:00,-42.054968535688495,174.11423613727882,34.6875,7,5,2,5,2,0.39913136618477957,2016p858271,66.11,42.4,30<|dt|<=120s
kaikoura_2016,instance,139,2016-11-13 13:29:59.518635264+00:00,-42.237670393612966,173.58047965551214,17.8125,9,6,3,6,3,0.22567751672532824,2016p858276,16.24,80.3,5<|dt|<=30s
kaikoura_2016,instance,140,2016-11-13 13:31:11.912495872+00:00,-41.822975525031026,174.29642452460948,15.9375,8,4,4,4,4,0.4026242196559906,2016p858279,-15.59,73.5,5<|dt|<=30s
kaikoura_2016,instance,142,2016-11-13 13:33:43.925163776+00:00,-41.98959678778849,173.9496449587407,15.9375,8,5,3,5,3,0.15978699922561646,2016p858281,5.44,29.6,5<|dt|<=30s
kaikoura_2016,instance,143,2016-11-13 13:34:39.794316544+00:00,-41.69155032778244,174.19292688413913,30.9375,6,3,3,3,3,0.3101133108139038,2016p858286,-35.19,58.0,30<|dt|<=120s
kaikoura_2016,instance,144,2016-11-13 13:35:01.518981376+00:00,-42.36961733376548,173.70423890621808,30.9375,7,3,4,5,2,0.2613277094704764,2016p858286,-13.46,67.4,5<|dt|<=30s
kaikoura_2016,instance,145,2016-11-13 13:36:09.002158080+00:00,-42.237566933274834,173.7451761608174,0.9375,8,5,3,5,3,0.4359128773212433,2016p858286,54.02,54.4,30<|dt|<=120s
kaikoura_2016,instance,146,2016-11-13 13:37:20.556148224+00:00,-42.831658159625356,173.5803816432849,15.9375,6,4,2,4,2,0.36486093203226727,2016p858290,-4.45,51.8,"|dt|<=5s, dist>30km"
kaikoura_2016,instance,147,2016-11-13 13:38:27.077305344+00:00,-41.92222227365032,174.25654656594307,14.0625,8,4,4,5,3,0.849762499332428,2016p858295,1.85,32.0,"|dt|<=5s, dist>30km"
kaikoura_2016,instance,148,2016-11-13 13:39:27.536982272+00:00,-41.19638643560377,172.9729227664583,30.9375,7,4,3,4,3,0.7536782537187848,2016p858296,-16.68,105.9,5<|dt|<=30s
kaikoura_2016,instance,149,2016-11-13 13:39:42.350332928+00:00,-41.643338588472304,173.84573323665865,12.1875,6,4,2,4,2,0.497586727142334,2016p858296,-1.86,40.8,"|dt|<=5s, dist>30km"
kaikoura_2016,instance,151,2016-11-13 13:40:43.913312+00:00,-42.23761496836851,173.70400213109815,0.9375,6,3,3,4,2,0.45243334770202637,2016p858297,-18.49,44.1,5<|dt|<=30s
kaikoura_2016,instance,153,2016-11-13 13:41:37.362583040+00:00,-42.862661751919376,174.26656132638252,59.0625,6,3,3,4,2,0.43696129322052,2016p858297,34.95,102.7,30<|dt|<=120s
kaikoura_2016,instance,156,2016-11-13 13:43:31.353375744+00:00,-41.905082772903505,174.3587671069448,12.1875,6,3,3,4,2,0.23589996496836343,2016p858301,28.14,48.9,5<|dt|<=30s
kaikoura_2016,instance,160,2016-11-13 13:47:08.048737536+00:00,-41.82244381671026,174.37823210497902,17.8125,8,4,4,4,4,0.656407505273819,2016p858309,17.04,122.8,5<|dt|<=30s
kaikoura_2016,instance,161,2016-11-13 13:47:56.779459584+00:00,-41.85666547052748,174.17400892489326,4.6875,7,4,3,4,3,0.3740933963230678,2016p858309,65.77,107.6,30<|dt|<=120s
kaikoura_2016,instance,162,2016-11-13 13:48:43.940967680+00:00,-41.57570510066716,174.2529757609731,30.9375,6,3,3,4,2,0.672130306561788,2016p858312,-25.74,14.1,5<|dt|<=30s
kaikoura_2016,instance,164,2016-11-13 13:49:35.099341056+00:00,-42.006603490676945,173.70359157497862,14.0625,6,3,3,4,2,0.15261252721150717,2016p858312,25.42,58.5,5<|dt|<=30s
kaikoura_2016,instance,166,2016-11-13 13:50:53.236101632+00:00,-41.90688343994527,174.01062263687848,19.6875,7,4,3,4,3,0.165696314402989,2016p858314,51.99,28.6,30<|dt|<=120s
kaikoura_2016,instance,167,2016-11-13 13:51:30.024434176+00:00,-41.9406314093436,173.66249266669047,15.9375,9,5,4,6,3,0.3945860332912869,2016p858314,88.78,55.9,30<|dt|<=120s
kaikoura_2016,instance,168,2016-11-13 13:52:01.795602944+00:00,-41.891149011123815,173.6010109307119,8.4375,6,3,3,3,3,0.5820761919021606,2016p858321,-94.47,46.9,30<|dt|<=120s
kaikoura_2016,instance,169,2016-11-13 13:52:36.383057408+00:00,-42.35303929704961,173.76608318269453,0.9375,6,3,3,4,2,0.6234606901804606,2016p858321,-59.88,65.7,30<|dt|<=120s
kaikoura_2016,instance,172,2016-11-13 13:56:46.562776320+00:00,-42.35317285359262,173.601085579033,23.4375,6,4,2,4,2,0.8150966564814249,2016p858327,4.07,74.9,"|dt|<=5s, dist>30km"
kaikoura_2016,instance,175,2016-11-13 13:59:20.649574144+00:00,-41.807636164751614,174.07132030442315,17.8125,6,3,3,3,3,0.07455734411875407,2016p858332,-22.03,99.3,5<|dt|<=30s
kaikoura_2016,instance,177,2016-11-13 14:00:22.842319360+00:00,-41.839720109873134,174.25569068611446,27.1875,8,6,2,6,2,0.7539052963256836,2016p858334,-4.69,39.5,"|dt|<=5s, dist>30km"
kaikoura_2016,instance,179,2016-11-13 14:02:25.317990656+00:00,-41.82258220524641,174.35778041820893,25.3125,7,3,4,4,3,0.6600105081285749,2016p858335,62.29,62.9,30<|dt|<=120s
kaikoura_2016,instance,183,2016-11-13 14:08:05.373681408+00:00,-42.121466376687046,173.9914869154776,0.9375,7,4,3,5,2,0.751291172845023,2016p858348,-5.22,38.2,5<|dt|<=30s
kaikoura_2016,instance,186,2016-11-13 14:11:24.677252352+00:00,-41.82244381671026,174.37823210497902,15.9375,7,4,3,4,3,0.37416648864746094,2016p858354,24.3,25.3,5<|dt|<=30s
kaikoura_2016,instance,187,2016-11-13 14:11:39.898074624+00:00,-42.35205990828486,174.0960700483344,44.0625,8,6,2,6,2,0.5500058829784393,2016p858354,39.52,59.1,30<|dt|<=120s
kaikoura_2016,quakescope2026,0,2016-11-13 11:14:09.342586624+00:00,-41.659206916351565,174.04981350164496,30.9375,6,4,2,4,2,0.4387076695760091,2016p858021,93.86,88.5,30<|dt|<=120s
kaikoura_2016,quakescope2026,1,2016-11-13 11:17:31.564949760+00:00,-41.75857936772432,173.9483549748289,14.0625,7,4,3,4,3,0.559605632509504,2016p858027,12.57,115.5,5<|dt|<=30s
kaikoura_2016,quakescope2026,4,2016-11-13 11:19:33.131351296+00:00,-41.61054041394357,173.45826112404694,55.3125,6,4,2,4,2,0.1279884179433187,2016p858032,0.31,50.1,"|dt|<=5s, dist>30km"
kaikoura_2016,quakescope2026,6,2016-11-13 11:25:59.108575232+00:00,-42.862000931151634,172.81102645253185,15.9375,6,3,3,4,2,0.5344291925430298,2016p858041,102.2,118.8,30<|dt|<=120s
kaikoura_2016,quakescope2026,7,2016-11-13 11:26:18.225591040+00:00,-42.862000931151634,174.3705199554681,59.0625,7,4,3,4,3,0.40159569467817036,2016p858048,-103.39,122.1,30<|dt|<=120s
kaikoura_2016,quakescope2026,9,2016-11-13 11:30:04.997502208+00:00,-41.823336074662386,174.23506746022014,14.0625,6,4,2,4,2,0.3022858699162801,2016p858052,-19.89,106.9,5<|dt|<=30s
kaikoura_2016,quakescope2026,10,2016-11-13 11:30:51.472125184+00:00,-42.00658149839087,173.72410395651053,14.0625,7,3,4,4,3,0.2228748117174421,2016p858054,11.03,111.1,5<|dt|<=30s
kaikoura_2016,quakescope2026,13,2016-11-13 11:36:31.027195136+00:00,-41.822156117156766,174.4191350392641,6.5625,6,3,3,4,2,0.18258257706960043,2016p858062,48.73,19.8,30<|dt|<=120s
kaikoura_2016,quakescope2026,14,2016-11-13 11:38:12.439002112+00:00,-42.38592799303472,173.35346537953183,0.9375,6,3,3,4,2,0.5334617694218954,2016p858072,-130.25,57.4,|dt|>120s
kaikoura_2016,quakescope2026,15,2016-11-13 11:39:22.791499008+00:00,-41.9406314093436,173.66249266669047,14.0625,8,4,4,5,3,0.6200620532035828,2016p858072,-59.9,109.2,30<|dt|<=120s
kaikoura_2016,quakescope2026,18,2016-11-13 11:43:33.834657792+00:00,-42.626117884773876,172.27540489175487,53.4375,6,3,3,4,2,0.3730730215708415,2016p858077,-42.42,155.0,30<|dt|<=120s
kaikoura_2016,quakescope2026,19,2016-11-13 11:45:04.943895552+00:00,-42.38613598579063,173.49791329304094,2.8125,7,4,3,5,2,0.2209181444985526,2016p858080,-21.05,98.5,5<|dt|<=30s
kaikoura_2016,quakescope2026,24,2016-11-13 11:51:35.248787968+00:00,-41.181262004846666,173.33761352646454,21.5625,6,3,3,4,2,0.6748119990030924,2016p858093,31.57,130.3,30<|dt|<=120s
kaikoura_2016,quakescope2026,26,2016-11-13 11:56:24.544312576+00:00,-41.7728013507668,174.3980621508864,12.1875,6,3,3,3,3,0.12060232957204182,2016p858095,162.8,11.5,|dt|>120s
kaikoura_2016,quakescope2026,27,2016-11-13 11:57:02.533905152+00:00,-42.41878277714714,173.29140288511448,0.9375,7,5,2,5,2,0.4396359239305769,2016p858109,-155.19,45.6,|dt|>120s
kaikoura_2016,quakescope2026,28,2016-11-13 11:59:14.505824+00:00,-42.188065342627226,173.7450556402302,0.9375,6,4,2,4,2,0.46624215443929035,2016p858109,-23.22,12.5,5<|dt|<=30s
kaikoura_2016,quakescope2026,30,2016-11-13 12:02:52.830644736+00:00,-41.74255715441471,173.7235563536418,23.4375,6,3,3,4,2,0.4464123249053955,2016p858115,-62.75,36.6,30<|dt|<=120s
kaikoura_2016,quakescope2026,31,2016-11-13 12:03:15.119026944+00:00,-42.84125097167861,174.84833876096593,59.0625,6,4,2,4,2,0.2713171641031901,2016p858115,-40.46,135.6,30<|dt|<=120s
kaikoura_2016,quakescope2026,32,2016-11-13 12:03:57.065551104+00:00,-42.68066781444458,174.3475159082152,0.9375,6,4,2,4,2,0.8574354648590088,2016p858115,1.49,106.6,"|dt|<=5s, dist>30km"
kaikoura_2016,quakescope2026,33,2016-11-13 12:06:14.556089088+00:00,-41.643620888760466,173.60097165381845,30.9375,8,4,4,5,3,0.6436752676963806,2016p858118,-25.11,123.8,5<|dt|<=30s
kaikoura_2016,quakescope2026,34,2016-11-13 12:06:54.742086400+00:00,-41.905838815058246,174.23589631850982,19.6875,6,4,2,4,2,0.20247948169708252,2016p858118,15.07,140.1,5<|dt|<=30s
kaikoura_2016,quakescope2026,35,2016-11-13 12:07:19.973683968+00:00,-41.82321953268783,174.2555199388227,0.9375,8,5,3,6,2,0.5381836891174316,2016p858122,-9.77,64.9,5<|dt|<=30s
kaikoura_2016,quakescope2026,36,2016-11-13 12:07:32.422583808+00:00,-41.739038259167444,174.49977313191818,15.9375,6,3,3,4,2,0.5132790803909302,2016p858122,2.68,87.0,"|dt|<=5s, dist>30km"
kaikoura_2016,quakescope2026,37,2016-11-13 12:08:22.548469504+00:00,-41.80847701935465,173.39650672644336,0.9375,6,4,2,4,2,0.6230525175730387,2016p858122,52.81,41.1,30<|dt|<=120s
kaikoura_2016,quakescope2026,38,2016-11-13 12:09:08.235497472+00:00,-41.8227169528585,174.33732859004493,15.9375,8,4,4,5,3,0.3013375699520111,2016p858126,-52.28,17.7,30<|dt|<=120s
kaikoura_2016,quakescope2026,40,2016-11-13 12:11:11.009414656+00:00,-42.00655584075292,173.74461631326494,12.1875,7,5,2,5,2,0.15436540331159318,2016p858131,-34.84,41.0,30<|dt|<=120s
kaikoura_2016,quakescope2026,44,2016-11-13 12:15:35.547847680+00:00,-41.67553825544277,174.0907433037953,0.9375,6,4,2,4,2,0.382125457127889,2016p858139,-51.78,19.8,30<|dt|<=120s
kaikoura_2016,quakescope2026,45,2016-11-13 12:15:51.832637696+00:00,-41.93794371440815,174.37965147981626,30.9375,6,4,2,4,2,0.6454079151153564,2016p858139,-35.5,32.4,30<|dt|<=120s
kaikoura_2016,quakescope2026,47,2016-11-13 12:18:04.098600192+00:00,-41.85597635017295,174.29678718010834,12.1875,6,3,3,4,2,0.2657279968261719,2016p858144,5.94,54.4,5<|dt|<=30s
kaikoura_2016,quakescope2026,49,2016-11-13 12:20:00.207995392+00:00,-42.15514510076694,173.51881205188573,45.9375,8,4,4,5,3,0.634650707244873,2016p858145,30.37,72.1,30<|dt|<=120s
kaikoura_2016,quakescope2026,50,2016-11-13 12:20:38.182963712+00:00,-41.823099349456456,174.27597229487552,10.3125,8,5,3,5,3,0.24205049872398376,2016p858147,-2.72,57.1,"|dt|<=5s, dist>30km"
kaikoura_2016,quakescope2026,51,2016-11-13 12:21:29.908328192+00:00,-41.75721674262961,174.25483837397041,0.9375,7,5,2,5,2,0.3741531712668283,2016p858146,-43.11,3.1,30<|dt|<=120s
kaikoura_2016,quakescope2026,54,2016-11-13 12:26:13.263214592+00:00,-41.890053842460965,174.0924125371215,21.5625,7,4,3,5,2,0.3432786124093192,2016p858156,17.9,132.9,5<|dt|<=30s
kaikoura_2016,quakescope2026,55,2016-11-13 12:27:28.222049792+00:00,-42.270538161355425,173.76585438496122,0.9375,6,4,2,4,2,0.6849692265192667,2016p858160,-32.09,6.5,30<|dt|<=120s
kaikoura_2016,quakescope2026,57,2016-11-13 12:29:37.684412160+00:00,-42.23716787673904,173.2510889943519,59.0625,7,3,4,4,3,0.620441198348999,2016p858160,97.37,41.1,30<|dt|<=120s
kaikoura_2016,quakescope2026,59,2016-11-13 12:34:13.181854976+00:00,-41.1650361976057,173.600897097258,19.6875,6,3,3,3,3,0.33814605077107746,2016p858172,-5.45,172.0,5<|dt|<=30s
kaikoura_2016,quakescope2026,60,2016-11-13 12:34:41.240198912+00:00,-41.906726377630804,174.05158233500606,14.0625,6,4,2,4,2,0.5413214763005575,2016p858172,22.61,123.0,5<|dt|<=30s
kaikoura_2016,quakescope2026,61,2016-11-13 12:36:09.492935936+00:00,-41.29682755491811,173.82409074476558,30.9375,6,3,3,4,2,0.7223486105600992,2016p858166,36.53,169.2,30<|dt|<=120s
kaikoura_2016,quakescope2026,64,2016-11-13 12:40:14.125894912+00:00,-41.8227169528585,174.33732859004493,17.8125,7,4,3,4,3,0.4199354989188058,2016p858181,17.55,32.4,5<|dt|<=30s
kaikoura_2016,quakescope2026,65,2016-11-13 12:41:56.247263232+00:00,-41.37952531151266,173.70250112190882,0.9375,7,5,2,5,2,0.47081014088221956,2016p858185,31.97,135.1,30<|dt|<=120s
kaikoura_2016,quakescope2026,66,2016-11-13 12:43:44.353843456+00:00,-41.56109831058567,173.64170052673722,36.5625,7,4,3,4,3,0.38010334968566895,2016p858192,-86.1,108.1,30<|dt|<=120s
kaikoura_2016,quakescope2026,67,2016-11-13 12:45:02.765179648+00:00,-42.83155253821883,173.43490007353736,59.0625,8,6,2,6,2,0.459009051322937,2016p858192,-7.69,39.3,5<|dt|<=30s
kaikoura_2016,quakescope2026,70,2016-11-13 12:47:56.208169472+00:00,-41.88815568578729,174.41998715890483,14.0625,8,5,3,5,3,0.5917747318744659,2016p858199,-38.13,72.5,30<|dt|<=120s
kaikoura_2016,quakescope2026,72,2016-11-13 12:50:02.783192832+00:00,-41.44432912405524,174.12963292247758,23.4375,6,3,3,4,2,1.0947969357172649,2016p858199,88.44,100.1,30<|dt|<=120s
kaikoura_2016,quakescope2026,73,2016-11-13 12:50:37.253440768+00:00,-42.13124422777828,172.2856947086857,53.4375,6,3,3,4,2,0.377739946047465,2016p858206,-102.03,114.7,30<|dt|<=120s
kaikoura_2016,quakescope2026,74,2016-11-13 12:51:49.465663744+00:00,-41.2469432710217,173.2157221178045,49.6875,6,3,3,4,2,0.8372247219085693,2016p858206,-29.82,114.9,5<|dt|<=30s
kaikoura_2016,quakescope2026,76,2016-11-13 12:55:23.159527168+00:00,-41.924140987465755,173.641988199088,25.3125,6,3,3,4,2,0.30871351559956867,2016p858213,-53.95,69.7,30<|dt|<=120s
kaikoura_2016,quakescope2026,77,2016-11-13 12:56:12.600047360+00:00,-41.973634039455646,173.51901672922207,0.9375,7,5,2,5,2,1.0117638111114502,2016p858213,-4.51,66.4,"|dt|<=5s, dist>30km"
kaikoura_2016,quakescope2026,80,2016-11-13 12:58:18.239119616+00:00,-41.89076569557645,173.8876653571943,21.5625,10,6,4,6,4,0.2951082706451416,2016p858219,-12.22,26.7,5<|dt|<=30s
kaikoura_2016,quakescope2026,82,2016-11-13 13:00:03.245811200+00:00,-42.02134063055602,174.23706255578432,0.9375,7,5,2,5,2,0.49128385952540804,2016p858218,53.44,36.4,30<|dt|<=120s
kaikoura_2016,quakescope2026,83,2016-11-13 13:00:28.893929728+00:00,-41.709429916841664,173.80515887067034,19.6875,7,5,2,5,2,0.5037375858851841,2016p858218,79.09,39.1,30<|dt|<=120s
kaikoura_2016,quakescope2026,84,2016-11-13 13:01:06.601747200+00:00,-41.822848059476186,174.31687662425557,10.3125,7,4,3,4,3,0.09450432232448033,2016p858218,116.8,14.6,30<|dt|<=120s
kaikoura_2016,quakescope2026,85,2016-11-13 13:01:38.894430464+00:00,-42.36961733376548,173.70423890621808,0.9375,6,3,3,4,2,0.7713070710500082,2016p858218,149.09,88.6,|dt|>120s
kaikoura_2016,quakescope2026,86,2016-11-13 13:02:04.797815552+00:00,-42.369661878270065,173.53919784586316,8.4375,8,6,2,6,2,0.2567553222179413,2016p858231,-154.73,93.8,|dt|>120s
kaikoura_2016,quakescope2026,87,2016-11-13 13:03:04.930606080+00:00,-41.82355823459958,174.19416215044316,21.5625,6,3,3,4,2,0.1675808827082316,2016p858231,-94.59,12.9,30<|dt|<=120s
kaikoura_2016,quakescope2026,88,2016-11-13 13:03:57.000191232+00:00,-41.37938187126581,173.37747496611433,47.8125,7,4,3,4,3,0.1913689204624721,2016p858231,-42.52,82.7,30<|dt|<=120s
kaikoura_2016,quakescope2026,92,2016-11-13 13:08:00.370214144+00:00,-41.823958856842104,174.1123502261501,19.6875,7,4,3,4,3,0.4084617410387312,2016p858239,-118.87,6.9,30<|dt|<=120s
kaikoura_2016,quakescope2026,93,2016-11-13 13:08:56.211139328+00:00,-42.18783295983802,173.86848049690533,0.9375,9,6,3,6,3,0.8470421897040473,2016p858239,-63.03,51.8,30<|dt|<=120s
kaikoura_2016,quakescope2026,95,2016-11-13 13:10:30.116041728+00:00,-41.85804377930372,173.74425985926484,32.8125,7,5,2,5,2,0.7385973589760917,2016p858239,30.87,36.3,30<|dt|<=120s
kaikoura_2016,quakescope2026,96,2016-11-13 13:11:24.604849920+00:00,-41.70924853892994,173.88682869553082,12.1875,6,3,3,4,2,0.609127918879191,2016p858244,-66.52,14.4,30<|dt|<=120s
kaikoura_2016,quakescope2026,99,2016-11-13 13:15:08.268482048+00:00,-41.8227169528585,174.33732859004493,15.9375,6,4,2,4,2,0.19149223963419595,2016p858251,32.41,34.7,30<|dt|<=120s
kaikoura_2016,quakescope2026,100,2016-11-13 13:15:29.409652224+00:00,-41.82321953268783,174.2555199388227,25.3125,8,4,4,5,3,0.5105145871639252,2016p858250,-17.95,110.7,5<|dt|<=30s
kaikoura_2016,quakescope2026,101,2016-11-13 13:16:49.243284480+00:00,-42.34569499150038,174.90027884199387,59.0625,8,5,3,5,3,0.9210953712463379,2016p858253,-26.73,87.8,5<|dt|<=30s
kaikoura_2016,quakescope2026,103,2016-11-13 13:19:15.154965248+00:00,-41.922964155486845,174.11315577148193,15.9375,7,4,3,5,2,0.3792884349822998,2016p858255,32.27,15.7,30<|dt|<=120s
kaikoura_2016,quakescope2026,106,2016-11-13 13:22:58.740415744+00:00,-41.74034551950822,174.3159464362101,4.6875,6,3,3,4,2,0.670198917388916,2016p858260,107.65,9.2,30<|dt|<=120s
kaikoura_2016,quakescope2026,107,2016-11-13 13:24:21.984023808+00:00,-42.35317285359262,173.58046082896698,15.9375,7,4,3,5,2,0.34298862729753765,2016p858268,-63.26,96.1,30<|dt|<=120s
kaikoura_2016,quakescope2026,108,2016-11-13 13:26:29.582533888+00:00,-41.823099349456456,174.27597229487552,23.4375,8,4,4,5,3,0.4625908136367798,2016p858272,-28.43,12.4,5<|dt|<=30s
kaikoura_2016,quakescope2026,110,2016-11-13 13:27:58.399065600+00:00,-41.872721119824206,174.25603260895713,19.6875,7,5,2,5,2,0.6980820042746407,2016p858271,40.81,21.5,30<|dt|<=120s
kaikoura_2016,quakescope2026,111,2016-11-13 13:28:25.671774464+00:00,-41.95248990610623,174.62576831836242,0.9375,7,4,3,5,2,0.6789188044411796,2016p858271,68.08,45.3,30<|dt|<=120s
kaikoura_2016,quakescope2026,113,2016-11-13 13:31:11.972495872+00:00,-41.822975525031026,174.29642452460948,15.9375,8,4,4,4,4,0.4076242446899414,2016p858279,-15.53,73.5,5<|dt|<=30s
kaikoura_2016,quakescope2026,114,2016-11-13 13:34:40.140752128+00:00,-41.51147182225266,173.76379376530522,27.1875,6,4,2,4,2,0.1970979372660319,2016p858286,-34.84,37.0,30<|dt|<=120s
kaikoura_2016,quakescope2026,115,2016-11-13 13:35:00.667812096+00:00,-41.09186378315537,172.30648121112395,59.0625,7,4,3,5,2,0.9068005425589425,2016p858286,-14.31,125.9,5<|dt|<=30s
kaikoura_2016,quakescope2026,116,2016-11-13 13:36:32.139562496+00:00,-42.352928000577556,173.82795684537774,0.9375,7,4,3,5,2,0.2396664960043771,2016p858290,-52.87,53.2,30<|dt|<=120s
kaikoura_2016,quakescope2026,117,2016-11-13 13:37:56.437837824+00:00,-42.36967301441094,173.58045813042528,0.9375,7,4,3,5,2,0.6213070324489048,2016p858295,-28.79,49.8,5<|dt|<=30s
kaikoura_2016,quakescope2026,118,2016-11-13 13:38:27.112305664+00:00,-41.92222227365032,174.25654656594307,14.0625,8,4,4,5,3,0.8597625195980072,2016p858295,1.89,32.0,"|dt|<=5s, dist>30km"
kaikoura_2016,quakescope2026,126,2016-11-13 13:47:10.147621888+00:00,-41.72371421237613,174.33618140958487,14.0625,7,4,3,4,3,0.12437517302376884,2016p858309,19.14,127.5,5<|dt|<=30s
kaikoura_2016,quakescope2026,128,2016-11-13 13:49:23.516920320+00:00,-42.825204904774296,174.80645225146148,55.3125,7,4,3,5,2,0.48044259207589285,2016p858312,13.84,132.3,5<|dt|<=30s
kaikoura_2016,quakescope2026,129,2016-11-13 13:50:54.198626048+00:00,-41.87380466958478,174.03087593760623,17.8125,8,5,3,5,3,0.2810394763946533,2016p858314,52.95,25.2,30<|dt|<=120s
kaikoura_2016,quakescope2026,130,2016-11-13 13:51:20.367465472+00:00,-42.485038633829426,173.76645126171005,0.9375,7,5,2,5,2,0.5171644687652588,2016p858314,79.12,91.8,30<|dt|<=120s
kaikoura_2016,quakescope2026,131,2016-11-13 13:52:00.725806080+00:00,-41.99015726280066,173.6010267798155,0.9375,6,4,2,4,2,0.5377868413925171,2016p858321,-95.53,49.4,30<|dt|<=120s
kaikoura_2016,quakescope2026,132,2016-11-13 13:52:37.907570688+00:00,-42.40267319306836,173.58045272654334,12.1875,6,3,3,4,2,0.18804903825124106,2016p858321,-58.35,78.8,30<|dt|<=120s
kaikoura_2016,quakescope2026,134,2016-11-13 13:57:14.150834944+00:00,-42.551067041565496,173.74594654156687,30.9375,6,3,3,4,2,0.5051523844401041,2016p858327,31.66,80.0,30<|dt|<=120s
kaikoura_2016,quakescope2026,137,2016-11-13 13:59:22.212391424+00:00,-41.757859890607286,174.1322476006626,0.9375,7,4,3,5,2,0.4117958886282785,2016p858332,-20.47,106.7,5<|dt|<=30s
kaikoura_2016,quakescope2026,138,2016-11-13 14:00:22.886069760+00:00,-41.839720109873134,174.25569068611446,27.1875,8,6,2,6,2,0.7501552402973175,2016p858334,-4.65,39.5,"|dt|<=5s, dist>30km"
kaikoura_2016,quakescope2026,139,2016-11-13 14:01:24.343062528+00:00,-41.41225828770704,173.3163944428226,40.3125,6,3,3,4,2,0.17780605951944986,2016p858335,1.31,73.7,"|dt|<=5s, dist>30km"
kaikoura_2016,quakescope2026,140,2016-11-13 14:02:26.283695104+00:00,-41.822156117156766,174.4191350392641,2.8125,7,4,3,4,3,0.5932350158691406,2016p858335,63.25,67.7,30<|dt|<=120s
kaikoura_2016,quakescope2026,141,2016-11-13 14:03:32.030753280+00:00,-42.18800263590716,173.78619741580707,0.9375,8,5,3,5,3,0.41070428490638733,2016p858337,-9.1,58.6,5<|dt|<=30s
kaikoura_2016,quakescope2026,142,2016-11-13 14:04:06.116833792+00:00,-42.15453718171907,173.21041102695324,0.9375,8,5,3,5,3,0.4854058623313904,2016p858338,2.17,31.1,"|dt|<=5s, dist>30km"
kaikoura_2016,quakescope2026,144,2016-11-13 14:05:56.567287296+00:00,-41.80844061802258,173.3760577554173,0.9375,6,3,3,4,2,0.8079018195470175,2016p858343,-30.2,49.2,30<|dt|<=120s
kaikoura_2016,quakescope2026,149,2016-11-13 14:11:45.318035968+00:00,-42.05300069602527,174.4426551250428,0.9375,6,3,3,4,2,0.5635498364766439,2016p858356,-43.81,33.1,30<|dt|<=120s
norcia_2016,jma_wc,3,2016-10-30 06:52:49.845774592+00:00,42.58818959111071,13.318829931187198,6.5625,6,3,3,4,2,0.6314962307612101,8864181,-23.28,31.5,5<|dt|<=30s
norcia_2016,jma_wc,9,2016-10-30 06:56:54.488535552+00:00,42.21037909350058,12.46956813677375,47.8125,6,3,3,4,2,0.5654138724009196,8864341,16.38,89.6,5<|dt|<=30s
norcia_2016,jma_wc,11,2016-10-30 06:58:32.541509632+00:00,42.77012248135946,13.079844249817505,4.6875,7,3,4,4,3,0.20290436063494002,8864381,29.58,15.4,5<|dt|<=30s
norcia_2016,jma_wc,14,2016-10-30 07:00:11.077684480+00:00,42.81560122561934,13.067136283994472,8.4375,7,4,3,5,2,0.16622318540300643,8864611,25.63,10.2,5<|dt|<=30s
norcia_2016,jma_wc,17,2016-10-30 07:02:14.090075392+00:00,42.70194088285924,13.306422765183472,0.9375,8,4,4,4,4,0.376199871301651,8864691,41.46,10.9,30<|dt|<=120s
norcia_2016,jma_wc,19,2016-10-30 07:04:37.812528896+00:00,42.77016402092947,13.117622195956594,19.6875,7,4,3,4,3,0.14672790254865373,8864841,-21.57,7.9,5<|dt|<=30s
norcia_2016,jma_wc,21,2016-10-30 07:05:38.581560832+00:00,42.89526312478674,13.104787993834806,0.9375,7,3,4,4,3,0.28319171496800016,8864881,-17.69,12.1,5<|dt|<=30s
norcia_2016,jma_wc,25,2016-10-30 07:07:32.431876096+00:00,42.79288546314417,13.0923884762271,0.9375,6,3,3,3,3,0.20710972944895426,8864991,-21.26,11.7,5<|dt|<=30s
norcia_2016,jma_wc,30,2016-10-30 07:10:39.877748224+00:00,42.31514866031736,13.36842808064668,0.9375,6,3,3,4,2,0.39359601338704425,8865171,0.52,41.0,"|dt|<=5s, dist>30km"
norcia_2016,jma_wc,31,2016-10-30 07:11:12.278013184+00:00,42.8949085018197,13.533801727496229,30.9375,6,3,3,4,2,0.2567375103632609,8865171,32.92,30.6,30<|dt|<=120s
norcia_2016,jma_wc,36,2016-10-30 07:14:41.575983104+00:00,42.838436209892514,13.155324043496064,0.9375,7,3,4,4,3,0.3665220396859305,8865381,20.22,5.3,5<|dt|<=30s
norcia_2016,jma_wc,37,2016-10-30 07:15:08.735396608+00:00,42.63372509875168,13.23094257037977,23.4375,7,5,2,5,2,0.2119027546473912,8865441,-45.01,28.0,30<|dt|<=120s
norcia_2016,jma_wc,40,2016-10-30 07:17:05.822080256+00:00,42.67922171805404,13.218372848147597,0.9375,6,3,3,3,3,0.570773164431254,8865501,31.25,5.1,30<|dt|<=120s
norcia_2016,jma_wc,41,2016-10-30 07:17:48.651945984+00:00,42.74746458337297,13.205777868369154,8.4375,6,3,3,4,2,0.7025067011515299,8865501,74.08,3.0,30<|dt|<=120s
norcia_2016,jma_wc,42,2016-10-30 07:18:38.186771968+00:00,42.883938114479825,13.28143109196436,0.9375,7,3,4,4,3,0.7435847350529262,8865601,-76.47,16.8,30<|dt|<=120s
norcia_2016,jma_wc,43,2016-10-30 07:19:17.350099200+00:00,42.723797271272815,13.683950118031909,27.1875,7,5,2,5,2,0.26393873350960867,8865601,-37.31,49.7,30<|dt|<=120s
norcia_2016,jma_wc,45,2016-10-30 07:20:35.777585152+00:00,42.84976832758643,13.10487600688567,10.3125,6,3,3,3,3,0.16161259015401205,8865681,-30.95,23.0,30<|dt|<=120s
norcia_2016,jma_wc,47,2016-10-30 07:21:42.867625984+00:00,42.8725769136338,13.205739773867728,0.9375,6,3,3,4,2,0.4069962501525879,8865741,16.07,6.8,5<|dt|<=30s
norcia_2016,jma_wc,56,2016-10-30 07:29:12.874257152+00:00,42.82691673856511,13.029294979718488,10.3125,9,5,4,6,3,0.5770699712965224,8866211,-26.6,6.1,5<|dt|<=30s
norcia_2016,jma_wc,66,2016-10-30 07:35:13.163900672+00:00,42.973681661056055,13.76160980606871,0.9375,6,3,3,4,2,0.38945074876149494,8866521,25.26,51.4,5<|dt|<=30s
norcia_2016,jma_wc,67,2016-10-30 07:36:02.467216384+00:00,42.79218428636004,12.80265588812702,0.9375,7,3,4,5,2,0.7643831116812569,8866601,-48.16,41.4,30<|dt|<=120s
norcia_2016,jma_wc,68,2016-10-30 07:36:51.546232064+00:00,42.666978381816804,13.670959795649393,0.9375,6,3,3,4,2,0.5049231847127279,8866601,0.92,31.0,"|dt|<=5s, dist>30km"
norcia_2016,jma_wc,79,2016-10-30 07:43:45.944263680+00:00,42.67873724482425,12.891443696129132,0.9375,6,3,3,4,2,0.5661627054214478,8867061,-19.41,23.9,5<|dt|<=30s
norcia_2016,jma_wc,85,2016-10-30 07:47:04.773737984+00:00,42.75883854495534,13.243545584721675,21.5625,8,4,4,4,4,0.12924230098724365,8867221,21.26,19.8,5<|dt|<=30s
norcia_2016,jma_wc,86,2016-10-30 07:47:33.358586624+00:00,42.883347311810624,13.596822302501295,15.9375,6,3,3,4,2,0.23282984892527261,8867381,0.62,42.9,"|dt|<=5s, dist>30km"
norcia_2016,jma_wc,91,2016-10-30 07:49:35.110460928+00:00,42.758839929064614,13.230955195055452,23.4375,6,3,3,3,3,0.3132181962331136,8867501,18.09,18.8,5<|dt|<=30s
norcia_2016,jma_wc,93,2016-10-30 07:50:50.049179904+00:00,42.82706935170612,13.281379024204027,2.8125,6,3,3,3,3,0.6855836311976115,8867621,-27.17,16.2,5<|dt|<=30s
norcia_2016,jma_wc,95,2016-10-30 07:51:41.775257344+00:00,42.928756048135874,13.622345401470149,0.9375,7,3,4,5,2,0.426337582724435,8867651,0.63,37.6,"|dt|<=5s, dist>30km"
norcia_2016,jma_wc,96,2016-10-30 07:52:18.192589056+00:00,42.79291179236927,13.117583004208115,19.6875,10,4,6,6,4,0.4115328788757324,8867761,-31.28,10.0,30<|dt|<=120s
norcia_2016,jma_wc,100,2016-10-30 07:54:17.388608768+00:00,42.701965747574036,13.256107230673328,38.4375,6,3,3,4,2,0.902102510134379,8867831,45.63,11.6,30<|dt|<=120s
norcia_2016,jma_wc,101,2016-10-30 07:54:35.989144576+00:00,42.59949503242333,13.381638244750942,19.6875,8,4,4,5,3,0.5754343569278717,8867881,-29.0,26.6,5<|dt|<=30s
norcia_2016,jma_wc,105,2016-10-30 07:56:47.428102912+00:00,42.70193121325585,13.130318363376123,12.1875,8,4,4,4,4,0.3449220061302185,8868031,-24.73,4.7,5<|dt|<=30s
norcia_2016,jma_wc,114,2016-10-30 08:03:32.053570560+00:00,42.46303420027138,13.093085001073321,12.1875,6,3,3,4,2,0.4775230487187703,8868401,-9.5,43.5,5<|dt|<=30s
norcia_2016,jma_wc,116,2016-10-30 08:04:28.868023040+00:00,42.758810862788806,13.142822504745352,27.1875,8,4,4,5,3,0.45552965998649597,8868391,29.05,7.6,5<|dt|<=30s
norcia_2016,jma_wc,117,2016-10-30 08:04:49.439532544+00:00,42.88387555812312,13.092194259883065,15.9375,7,5,2,5,2,0.35104278155735563,8868491,-12.34,4.1,5<|dt|<=30s
norcia_2016,jma_wc,119,2016-10-30 08:05:55.256704768+00:00,42.80428564406598,13.117563391260255,6.5625,8,5,3,5,3,0.22109541296958923,8868491,53.48,13.2,30<|dt|<=120s
norcia_2016,jma_wc,120,2016-10-30 08:06:55.702593536+00:00,42.75881916743497,13.155412878847642,14.0625,9,4,5,5,4,0.17135535346137154,8868601,-63.5,19.7,30<|dt|<=120s
norcia_2016,jma_wc,122,2016-10-30 08:08:07.249596160+00:00,42.59887563621628,13.632799141969112,0.9375,7,4,3,5,2,0.7092511653900146,8868601,8.05,51.8,5<|dt|<=30s
norcia_2016,jma_wc,123,2016-10-30 08:08:53.225187584+00:00,42.758801174039085,13.13023213642394,12.1875,6,3,3,3,3,0.2058871587117513,8868601,54.03,20.1,30<|dt|<=120s
norcia_2016,jma_wc,124,2016-10-30 08:09:28.654030336+00:00,42.758801174039085,13.13023213642394,8.4375,7,3,4,5,2,0.31997718129839214,8868711,-28.34,8.5,5<|dt|<=30s
norcia_2016,jma_wc,125,2016-10-30 08:10:29.250414848+00:00,42.28103913577636,13.093464311882903,21.5625,6,3,3,4,2,0.7406282822291056,8868731,-1.88,46.2,"|dt|<=5s, dist>30km"
norcia_2016,jma_wc,130,2016-10-30 08:13:36.760481536+00:00,42.90667015714938,13.142627188161999,0.9375,7,4,3,4,3,0.5532202039446149,8868891,32.03,1.8,30<|dt|<=120s
norcia_2016,jma_wc,131,2016-10-30 08:13:48.339344640+00:00,42.72452995989869,13.017033112954735,0.9375,6,3,3,3,3,0.8197931448618571,8868891,43.61,21.8,30<|dt|<=120s
norcia_2016,jma_wc,132,2016-10-30 08:14:07.058753024+00:00,42.65647345373746,13.21837514021241,8.4375,9,4,5,5,4,0.5367360644870334,8868891,62.33,26.8,30<|dt|<=120s
norcia_2016,jma_wc,133,2016-10-30 08:15:37.192156160+00:00,42.56541762258512,13.343898517905279,17.8125,7,3,4,5,2,0.6579264232090541,8869001,-5.29,41.3,5<|dt|<=30s
norcia_2016,jma_wc,134,2016-10-30 08:16:04.541173248+00:00,42.64457816662303,13.570261250681433,10.3125,8,4,4,5,3,0.21515357494354248,8869001,22.06,49.0,5<|dt|<=30s
norcia_2016,jma_wc,136,2016-10-30 08:17:04.080052480+00:00,42.79295336489662,13.180569441129268,8.4375,6,3,3,3,3,0.6379686196645101,8869031,23.05,15.1,5<|dt|<=30s
norcia_2016,jma_wc,138,2016-10-30 08:17:54.013137408+00:00,42.79294089312984,13.155374850764963,15.9375,9,4,5,5,4,0.16501622729831272,8869081,13.68,8.4,5<|dt|<=30s
norcia_2016,jma_wc,139,2016-10-30 08:18:36.535187712+00:00,42.667847597229745,13.218373994512353,2.8125,6,3,3,4,2,0.7786906560262045,8869141,-25.47,5.5,5<|dt|<=30s
norcia_2016,jma_wc,144,2016-10-30 08:22:17.593160192+00:00,42.679213436367064,13.180649943229087,15.9375,7,3,4,4,3,0.21805330685206822,8869241,22.66,17.4,5<|dt|<=30s
norcia_2016,jma_wc,149,2016-10-30 08:26:13.199727360+00:00,42.77019309867701,13.15540021017849,0.9375,6,3,3,4,2,0.35489726066589355,8869411,38.25,11.5,30<|dt|<=120s
norcia_2016,jma_wc,150,2016-10-30 08:26:28.126335488+00:00,42.99675841177948,13.685977779617048,15.9375,6,4,2,4,2,0.4480959971745809,8869481,-29.55,50.6,5<|dt|<=30s
norcia_2016,jma_wc,152,2016-10-30 08:28:20.368072448+00:00,42.82635069215891,12.815027614203249,15.9375,6,4,2,4,2,1.166884183883667,8869581,-27.89,24.7,5<|dt|<=30s
norcia_2016,jma_wc,155,2016-10-30 08:29:55.816928512+00:00,42.74746596693481,13.230954044025076,15.9375,10,5,5,5,5,0.23581268787384033,8869601,27.09,9.3,5<|dt|<=30s
norcia_2016,jma_wc,156,2016-10-30 08:30:26.954123264+00:00,42.77013771252566,13.09243688948251,6.5625,8,4,4,4,4,0.43905138969421387,8869711,-39.76,12.8,30<|dt|<=120s
norcia_2016,jma_wc,157,2016-10-30 08:30:50.105404672+00:00,42.83838069214282,13.092291480873765,8.4375,9,4,5,5,4,0.22112891409132215,8869711,-16.6,5.2,5<|dt|<=30s
norcia_2016,jma_wc,161,2016-10-30 08:33:29.838379008+00:00,42.63372096445687,13.193247150307958,0.9375,6,3,3,4,2,0.4853614966074626,8869791,29.94,20.9,5<|dt|<=30s
norcia_2016,jma_wc,169,2016-10-30 08:38:24.428910592+00:00,43.03164054051931,13.420673101054152,4.6875,6,4,2,4,2,0.9652607043584188,8870221,28.57,41.8,5<|dt|<=30s
norcia_2016,jma_wc,171,2016-10-30 08:39:25.867370496+00:00,42.73605325775764,13.13026665723205,23.4375,10,5,5,6,4,0.4198953866958618,8870291,31.01,10.1,30<|dt|<=120s
norcia_2016,jma_wc,172,2016-10-30 08:40:05.181922816+00:00,42.89532570592651,13.218350940318695,0.9375,6,4,2,4,2,0.6026979684829712,8870291,70.32,14.3,30<|dt|<=120s
norcia_2016,jma_wc,173,2016-10-30 08:40:45.381730816+00:00,42.79296029365912,13.205764043970275,0.9375,7,4,3,4,3,0.48855475017002653,8870421,-34.43,11.4,30<|dt|<=120s
norcia_2016,jma_wc,175,2016-10-30 08:41:44.075837952+00:00,42.88312489625139,13.659899010134257,8.4375,6,3,3,4,2,0.10579057534535725,8870421,24.27,38.3,5<|dt|<=30s
norcia_2016,jma_wc,176,2016-10-30 08:42:13.959643392+00:00,42.69035969599512,13.457326124645444,0.9375,6,3,3,4,2,0.2223752737045288,8870461,-39.68,21.1,30<|dt|<=120s
norcia_2016,jma_wc,177,2016-10-30 08:42:39.176798720+00:00,42.90669519952294,13.193108905064122,0.9375,6,3,3,4,2,0.2825249830881755,8870461,-14.46,15.9,5<|dt|<=30s
norcia_2016,jma_wc,181,2016-10-30 08:45:05.753741824+00:00,42.758603247694495,13.45758127921965,14.0625,7,3,4,4,3,0.1944995607648577,8870591,-32.3,25.8,30<|dt|<=120s
norcia_2016,jma_wc,185,2016-10-30 08:47:06.982259200+00:00,42.7702097145507,13.193178268454101,0.9375,10,5,5,5,5,0.3265724182128906,8870761,-40.64,2.6,30<|dt|<=120s
norcia_2016,jma_wc,187,2016-10-30 08:48:32.238545664+00:00,42.758839929064614,13.230955195055452,30.9375,6,3,3,4,2,0.6170206467310587,8870831,-17.57,17.2,5<|dt|<=30s
norcia_2016,instance,0,2016-10-30 06:50:37.275444224+00:00,42.928994132662744,13.546597107180865,0.9375,9,4,5,5,4,0.47980984052022296,8864121,-6.43,31.7,5<|dt|<=30s
norcia_2016,instance,3,2016-10-30 06:52:48.600166400+00:00,42.65647345373746,13.21837514021241,30.9375,8,4,4,6,2,0.5706620812416077,8864181,-24.53,20.7,5<|dt|<=30s
norcia_2016,instance,5,2016-10-30 06:55:05.639791616+00:00,42.59934086989131,12.979774579492718,23.4375,7,3,4,4,3,0.5447847502572196,8864191,18.88,28.8,5<|dt|<=30s
norcia_2016,instance,10,2016-10-30 06:56:59.888408320+00:00,42.69030584438572,12.966841016842613,38.4375,7,3,4,5,2,0.5874204635620117,8864441,-21.68,21.6,5<|dt|<=30s
norcia_2016,instance,13,2016-10-30 06:58:32.689473280+00:00,42.79287021992356,13.079791225827192,6.5625,11,5,6,6,5,0.2736480019309304,8864381,29.73,12.9,5<|dt|<=30s
norcia_2016,instance,14,2016-10-30 06:58:58.572168704+00:00,42.71158206894106,12.589328946067328,29.0625,7,3,4,5,2,0.5661344187600272,8864561,-32.83,48.9,30<|dt|<=120s
norcia_2016,instance,16,2016-10-30 07:00:10.873936896+00:00,42.82695697283185,13.054503252893701,8.4375,11,5,6,6,5,0.3153255419297652,8864611,25.42,11.1,5<|dt|<=30s
norcia_2016,instance,20,2016-10-30 07:04:35.030580224+00:00,42.95219381574834,13.218345134798325,0.9375,7,4,3,4,3,0.8824069499969482,8864841,-24.35,18.9,5<|dt|<=30s
norcia_2016,instance,22,2016-10-30 07:05:14.911026688+00:00,42.74741615876551,13.11766134222724,10.3125,8,3,5,5,3,0.5938928127288818,8864841,15.53,10.0,5<|dt|<=30s
norcia_2016,instance,23,2016-10-30 07:05:38.538703872+00:00,42.89526312478674,13.104787993834806,0.9375,7,3,4,4,3,0.2978855882372175,8864881,-17.73,12.1,5<|dt|<=30s
norcia_2016,instance,33,2016-10-30 07:15:12.517644288+00:00,42.792957522153856,13.19316674143578,6.5625,6,3,3,3,3,0.4145575761795044,8865441,-41.23,12.0,30<|dt|<=120s
norcia_2016,instance,36,2016-10-30 07:18:38.211212032+00:00,42.883952015917515,13.230967900600628,0.9375,10,5,5,5,5,0.6273320436477661,8865601,-76.45,13.1,30<|dt|<=120s
norcia_2016,instance,37,2016-10-30 07:19:23.217697536+00:00,42.86103788309443,13.029187436582006,0.9375,8,4,4,4,4,0.3981863260269165,8865601,-31.44,6.4,30<|dt|<=120s
norcia_2016,instance,43,2016-10-30 07:24:23.691741952+00:00,42.79291179236927,13.117583004208115,8.4375,8,5,3,5,3,0.2534995973110199,8865901,-14.34,11.2,5<|dt|<=30s
norcia_2016,instance,50,2016-10-30 07:28:13.667030784+00:00,42.826791874086204,12.966274554635776,21.5625,9,4,5,5,4,0.7123104996151395,8866051,12.84,14.9,5<|dt|<=30s
norcia_2016,instance,60,2016-10-30 07:35:15.163290112+00:00,42.92888135544821,13.584471369557185,6.5625,6,3,3,3,3,0.3161141872406006,8866521,27.26,36.8,5<|dt|<=30s
norcia_2016,instance,61,2016-10-30 07:35:58.861592064+00:00,42.451714454484595,13.155752170310661,0.9375,6,4,2,4,2,0.6258877515792847,8866601,-51.77,30.0,30<|dt|<=120s
norcia_2016,instance,74,2016-10-30 07:43:46.431326208+00:00,42.58821986128474,13.180714009517693,0.9375,6,4,2,4,2,0.45493539174397785,8867061,-18.92,30.2,5<|dt|<=30s
norcia_2016,instance,79,2016-10-30 07:45:55.764538112+00:00,42.926639858769015,12.42300563637598,0.9375,10,5,5,6,4,0.5381944417953491,8867181,-14.12,56.4,5<|dt|<=30s
norcia_2016,instance,81,2016-10-30 07:47:04.988718592+00:00,42.77020556058106,13.180585578950659,15.9375,8,4,4,5,3,0.1386539340019226,8867221,21.48,18.2,5<|dt|<=30s
norcia_2016,instance,89,2016-10-30 07:52:19.001800704+00:00,42.80428564406598,13.117563391260255,10.3125,6,3,3,4,2,0.2038151423136393,8867761,-30.47,10.9,30<|dt|<=120s
norcia_2016,instance,93,2016-10-30 07:54:18.195933696+00:00,42.72439862705115,12.95411647871927,23.4375,6,3,3,4,2,0.5663238763809204,8867831,46.44,16.3,30<|dt|<=120s
norcia_2016,instance,98,2016-10-30 07:56:46.956217856+00:00,42.71328175816913,13.10513882254032,14.0625,9,4,5,5,4,0.37251922819349503,8868031,-25.2,7.0,5<|dt|<=30s
norcia_2016,instance,101,2016-10-30 07:58:44.210190080+00:00,43.0544459083984,13.066526349848212,47.8125,7,4,3,4,3,0.8727004187447684,8868141,-32.94,29.8,30<|dt|<=120s
norcia_2016,instance,108,2016-10-30 08:03:41.573259520+00:00,42.89506147570495,13.470712220154699,30.9375,6,3,3,4,2,0.21213813622792563,8868401,0.02,34.1,"|dt|<=5s, dist>30km"
norcia_2016,instance,110,2016-10-30 08:04:49.070592768+00:00,43.00797234784391,13.723985050238365,0.9375,8,5,3,5,3,0.6476096212863922,8868491,-12.71,52.7,5<|dt|<=30s
norcia_2016,instance,112,2016-10-30 08:05:55.521587968+00:00,42.82699165760596,13.079711574291546,0.9375,9,5,4,5,4,0.3269096745385064,8868491,53.74,10.5,30<|dt|<=120s
norcia_2016,instance,113,2016-10-30 08:06:54.839000576+00:00,42.79291179236927,13.117583004208115,15.9375,10,5,5,6,4,0.38894946575164796,8868601,-64.36,16.8,30<|dt|<=120s
norcia_2016,instance,115,2016-10-30 08:08:10.056445440+00:00,42.66755785478625,13.48238495570731,2.8125,6,3,3,4,2,0.2571928898493449,8868601,10.86,37.9,5<|dt|<=30s
norcia_2016,instance,116,2016-10-30 08:08:53.025579264+00:00,42.77019309867701,13.15540021017849,14.0625,7,3,4,4,3,0.27474614552089144,8868601,53.83,18.5,30<|dt|<=120s
norcia_2016,instance,117,2016-10-30 08:09:50.118653952+00:00,42.70195607795926,13.168054994094563,29.0625,6,3,3,3,3,0.5394311745961508,8868711,-6.87,14.4,5<|dt|<=30s
norcia_2016,instance,119,2016-10-30 08:10:29.573507328+00:00,42.372063339590696,13.118300744683303,29.0625,6,3,3,4,2,0.5688208738962809,8868731,-1.56,36.0,"|dt|<=5s, dist>30km"
norcia_2016,instance,124,2016-10-30 08:14:06.568128512+00:00,42.599598266890936,13.193264295992334,15.9375,7,5,2,5,2,0.19508872713361466,8868891,61.84,32.8,30<|dt|<=120s
norcia_2016,instance,125,2016-10-30 08:14:45.681859328+00:00,42.06492597536597,13.106362544800644,0.9375,7,3,4,5,2,0.6471844060080392,8869001,-56.8,89.7,30<|dt|<=120s
norcia_2016,instance,126,2016-10-30 08:15:40.219269120+00:00,42.633686512031545,13.318898493906026,0.9375,6,3,3,4,2,0.4032307465871175,8869001,-2.26,34.0,"|dt|<=5s, dist>30km"
norcia_2016,instance,130,2016-10-30 08:17:54.038901760+00:00,42.79294089312984,13.155374850764963,15.9375,10,5,5,5,5,0.20769433975219725,8869081,13.71,8.4,5<|dt|<=30s
norcia_2016,instance,131,2016-10-30 08:18:21.604790016+00:00,42.33731170991943,12.830722478364695,0.9375,7,3,4,5,2,0.6354641573769706,8869141,-40.41,51.2,30<|dt|<=120s
norcia_2016,instance,140,2016-10-30 08:26:09.489582848+00:00,42.91806466713753,13.180480347232821,0.9375,6,3,3,4,2,0.5947365363438925,8869411,34.54,11.1,30<|dt|<=120s
norcia_2016,instance,144,2016-10-30 08:29:55.935205120+00:00,42.74746596693481,13.230954044025076,14.0625,8,5,3,5,3,0.19929030537605286,8869601,27.21,9.3,5<|dt|<=30s
norcia_2016,instance,145,2016-10-30 08:30:25.862219008+00:00,42.80414701474221,13.016767073522576,8.4375,6,3,3,3,3,0.2836810350418091,8869711,-40.85,11.3,30<|dt|<=120s
norcia_2016,instance,146,2016-10-30 08:30:50.094652416+00:00,42.86107816512584,13.054409586051392,6.5625,7,4,3,5,2,0.32845139503479004,8869711,-16.62,4.6,5<|dt|<=30s
norcia_2016,instance,158,2016-10-30 08:39:25.925331712+00:00,42.73605325775764,13.13026665723205,23.4375,11,6,5,6,5,0.4129674651406028,8870291,31.07,10.1,30<|dt|<=120s
norcia_2016,instance,160,2016-10-30 08:42:36.705054208+00:00,42.838407063055776,13.117504484028734,0.9375,6,3,3,3,3,0.4125207265218099,8870461,-16.93,11.7,5<|dt|<=30s
norcia_2016,instance,164,2016-10-30 08:44:26.563088384+00:00,42.758651691034245,13.016919228413785,17.8125,9,4,5,5,4,0.3741724756028917,8870511,26.69,10.3,5<|dt|<=30s
norcia_2016,instance,165,2016-10-30 08:45:05.577571072+00:00,42.74746458337297,13.205777868369154,10.3125,7,3,4,4,3,0.17748590878077916,8870591,-32.47,8.8,30<|dt|<=120s
norcia_2016,instance,169,2016-10-30 08:48:33.868866560+00:00,42.815563780908,13.041932605892567,15.9375,8,4,4,4,4,0.5648447275161743,8870831,-15.94,13.1,5<|dt|<=30s
norcia_2016,quakescope2026,0,2016-10-30 06:50:35.498298624+00:00,43.0088714756762,13.016077983685193,0.9375,6,3,3,4,2,1.102225701014201,8864121,-8.21,26.8,5<|dt|<=30s
norcia_2016,quakescope2026,3,2016-10-30 06:52:50.777098752+00:00,42.59960239628014,13.230939141241995,2.8125,6,3,3,4,2,0.9082201719284058,8864181,-22.35,26.8,5<|dt|<=30s
norcia_2016,quakescope2026,9,2016-10-30 06:57:03.535454976+00:00,42.78155869602326,13.142792551939753,23.4375,6,4,2,4,2,0.10657723744710286,8864441,-18.03,9.8,5<|dt|<=30s
norcia_2016,quakescope2026,11,2016-10-30 06:58:32.854459648+00:00,42.79285359096815,13.067193985675907,4.6875,7,4,3,4,3,0.254850046975272,8864381,29.89,13.1,5<|dt|<=30s
norcia_2016,quakescope2026,14,2016-10-30 07:00:10.347714304+00:00,42.86091287038141,12.966132321293916,0.9375,9,5,4,5,4,0.41755496131049263,8864611,24.9,18.6,5<|dt|<=30s
norcia_2016,quakescope2026,17,2016-10-30 07:02:14.032024320+00:00,42.79291179236927,13.117583004208115,17.8125,7,4,3,4,3,0.3269499029432024,8864691,41.4,8.6,30<|dt|<=120s
norcia_2016,quakescope2026,19,2016-10-30 07:04:10.120739072+00:00,42.64495453046772,13.042432720483204,23.4375,6,3,3,4,2,0.2536352475484212,8864741,47.54,19.1,30<|dt|<=120s
norcia_2016,quakescope2026,20,2016-10-30 07:04:37.999562752+00:00,42.79291179236927,13.117583004208115,15.9375,8,4,4,5,3,0.2263583242893219,8864841,-21.38,6.0,5<|dt|<=30s
norcia_2016,quakescope2026,22,2016-10-30 07:05:15.148176640+00:00,42.815497212695846,13.004127188019035,0.9375,7,3,4,5,2,0.47767203194754465,8864841,15.77,4.8,5<|dt|<=30s
norcia_2016,quakescope2026,23,2016-10-30 07:05:38.602989312+00:00,42.89526312478674,13.104787993834806,0.9375,7,3,4,4,3,0.27870198658534456,8864881,-17.67,12.1,5<|dt|<=30s
norcia_2016,quakescope2026,31,2016-10-30 07:10:39.869052160+00:00,42.315132305536586,13.38092960957081,0.9375,7,4,3,5,2,0.362065179007394,8865171,0.51,41.2,"|dt|<=5s, dist>30km"
norcia_2016,quakescope2026,36,2016-10-30 07:14:42.347386880+00:00,42.6221635408631,13.017373579677104,23.4375,7,3,4,5,2,0.1486525535583496,8865381,20.99,22.5,5<|dt|<=30s
norcia_2016,quakescope2026,37,2016-10-30 07:15:07.540563712+00:00,42.713339798750425,13.193207027520279,23.4375,10,4,6,6,4,0.5137734413146973,8865381,46.18,13.8,30<|dt|<=120s
norcia_2016,quakescope2026,40,2016-10-30 07:17:05.818746880+00:00,42.67922171805404,13.218372848147597,0.9375,6,3,3,3,3,0.5429952144622803,8865501,31.25,5.1,30<|dt|<=120s
norcia_2016,quakescope2026,41,2016-10-30 07:18:38.189628928+00:00,42.883938114479825,13.28143109196436,0.9375,7,3,4,4,3,0.7431765624455043,8865601,-76.47,16.8,30<|dt|<=120s
norcia_2016,quakescope2026,42,2016-10-30 07:19:20.468874752+00:00,42.7585202022273,13.495351915049822,6.5625,7,5,2,5,2,0.27296270642961773,8865601,-34.19,33.8,30<|dt|<=120s
norcia_2016,quakescope2026,45,2016-10-30 07:21:42.722355968+00:00,42.883952015917515,13.218352099399374,0.9375,6,3,3,3,3,0.4128715991973877,8865741,15.92,7.9,5<|dt|<=30s
norcia_2016,quakescope2026,46,2016-10-30 07:21:57.240995328+00:00,42.96075725754295,14.026757179844317,59.0625,7,4,3,5,2,0.7527257714952741,8865741,30.44,74.3,30<|dt|<=120s
norcia_2016,quakescope2026,52,2016-10-30 07:25:25.648141568+00:00,42.849739169277555,13.079658396111306,0.9375,6,3,3,4,2,0.5790356794993082,8865981,-17.08,4.3,5<|dt|<=30s
norcia_2016,quakescope2026,57,2016-10-30 07:29:13.766352640+00:00,42.79294089312984,13.155374850764963,8.4375,9,5,4,6,3,0.22359071837531197,8866211,-25.7,5.0,5<|dt|<=30s
norcia_2016,quakescope2026,60,2016-10-30 07:30:44.764454656+00:00,42.72471797465802,13.218368256032488,12.1875,6,3,3,4,2,0.2483276923497518,8866341,-23.56,14.0,5<|dt|<=30s
norcia_2016,quakescope2026,66,2016-10-30 07:33:29.383367424+00:00,42.74746596693481,13.218365955974924,0.9375,6,3,3,3,3,0.3928132851918538,8866511,17.37,12.5,5<|dt|<=30s
norcia_2016,quakescope2026,69,2016-10-30 07:35:15.506918144+00:00,42.89529650137161,13.142642264942872,0.9375,8,4,4,4,4,0.30261605978012085,8866521,27.61,3.6,5<|dt|<=30s
norcia_2016,quakescope2026,70,2016-10-30 07:35:55.882995456+00:00,42.83772420579088,12.814952496006986,59.0625,7,3,4,5,2,0.837181840624128,8866601,-54.75,42.0,30<|dt|<=120s
norcia_2016,quakescope2026,71,2016-10-30 07:36:51.567898624+00:00,42.666978381816804,13.670959795649393,0.9375,6,3,3,4,2,0.5199232896169027,8866601,0.94,31.0,"|dt|<=5s, dist>30km"
norcia_2016,quakescope2026,83,2016-10-30 07:43:46.422159616+00:00,42.67880763768089,12.916591727774787,0.9375,7,4,3,4,3,0.5480535711560931,8867061,-18.93,22.7,5<|dt|<=30s
norcia_2016,quakescope2026,84,2016-10-30 07:44:04.628960256+00:00,42.84959337833539,13.457922870715045,32.8125,8,4,4,5,3,0.39959293603897095,8867061,-0.72,31.4,"|dt|<=5s, dist>30km"
norcia_2016,quakescope2026,88,2016-10-30 07:45:56.469060864+00:00,42.87184460998648,12.814726879416837,59.0625,8,5,3,5,3,0.49408721923828125,8867181,-13.41,24.0,5<|dt|<=30s
norcia_2016,quakescope2026,91,2016-10-30 07:47:04.509564416+00:00,42.75883854495534,13.243545584721675,23.4375,6,4,2,4,2,0.1128987471262614,8867221,21.0,19.8,5<|dt|<=30s
norcia_2016,quakescope2026,92,2016-10-30 07:47:15.638860032+00:00,43.12134399852605,12.64842737891802,59.0625,7,3,4,5,2,0.5421805041176933,8867381,-17.1,46.1,5<|dt|<=30s
norcia_2016,quakescope2026,97,2016-10-30 07:49:34.771672576+00:00,42.80425930442459,13.092364248508513,21.5625,7,4,3,4,3,0.5027182442801339,8867501,17.75,13.5,5<|dt|<=30s
norcia_2016,quakescope2026,99,2016-10-30 07:50:50.951593216+00:00,42.81570939960193,13.218359039758447,0.9375,7,3,4,5,2,0.3698699814932687,8867621,-26.27,11.5,5<|dt|<=30s
norcia_2016,quakescope2026,102,2016-10-30 07:52:17.502511104+00:00,42.79291179236927,13.117583004208115,23.4375,9,3,6,6,3,0.3331245316399468,8867761,-31.97,10.0,30<|dt|<=120s
norcia_2016,quakescope2026,106,2016-10-30 07:54:19.953833216+00:00,42.77006848004035,13.042066395790036,14.0625,7,3,4,4,3,0.16963979176112584,8867881,-45.04,9.9,30<|dt|<=120s
norcia_2016,quakescope2026,107,2016-10-30 07:54:35.551769856+00:00,42.58815244141097,13.35649782047177,21.5625,8,3,5,5,3,0.5118597149848938,8867881,-29.44,26.3,5<|dt|<=30s
norcia_2016,quakescope2026,110,2016-10-30 07:56:00.041617920+00:00,42.940293731246946,13.571910535540503,4.6875,7,3,4,4,3,0.2546290329524449,8867951,0.5,31.5,"|dt|<=5s, dist>30km"
norcia_2016,quakescope2026,111,2016-10-30 07:56:47.153202688+00:00,42.70192016228593,13.117739498583232,14.0625,8,4,4,4,4,0.3254282772541046,8868031,-25.01,5.8,5<|dt|<=30s
norcia_2016,quakescope2026,120,2016-10-30 08:03:31.126747904+00:00,42.7702097145507,13.193178268454101,6.5625,6,3,3,4,2,0.05490251382191976,8868401,-10.42,14.5,5<|dt|<=30s
norcia_2016,quakescope2026,122,2016-10-30 08:04:26.593467392+00:00,42.83772420579088,12.814952496006986,25.3125,7,4,3,5,2,0.7908780915396554,8868391,26.77,32.7,5<|dt|<=30s
norcia_2016,quakescope2026,123,2016-10-30 08:04:49.514279936+00:00,42.83844314962147,13.167930574339977,15.9375,8,4,4,4,4,0.14519500732421875,8868491,-12.27,11.3,5<|dt|<=30s
norcia_2016,quakescope2026,125,2016-10-30 08:05:55.190146560+00:00,42.81564699146759,13.104941882579125,8.4375,9,6,3,6,3,0.2739239003923204,8868491,53.41,11.8,30<|dt|<=120s
norcia_2016,quakescope2026,126,2016-10-30 08:06:55.712593664+00:00,42.75881916743497,13.155412878847642,14.0625,9,4,5,5,4,0.19132420751783583,8868601,-63.49,19.7,30<|dt|<=120s
norcia_2016,quakescope2026,128,2016-10-30 08:08:08.269225472+00:00,42.621867371641095,13.557572878590909,8.4375,8,4,4,5,3,0.6053291857242584,8868601,9.07,45.8,5<|dt|<=30s
norcia_2016,quakescope2026,129,2016-10-30 08:09:28.325227776+00:00,42.77016402092947,13.117622195956594,10.3125,7,3,4,5,2,0.3406693254198347,8868711,-28.66,7.2,5<|dt|<=30s
norcia_2016,quakescope2026,130,2016-10-30 08:10:29.272081664+00:00,42.28103913577636,13.093464311882903,21.5625,6,3,3,4,2,0.7184060414632162,8868731,-1.86,46.2,"|dt|<=5s, dist>30km"
norcia_2016,quakescope2026,132,2016-10-30 08:12:04.042091008+00:00,42.41693280142199,12.830224509633267,30.9375,8,3,5,6,2,0.43805229663848877,8868821,-3.69,46.6,"|dt|<=5s, dist>30km"
norcia_2016,quakescope2026,135,2016-10-30 08:13:35.330589952+00:00,42.84978082401682,13.117484825462904,0.9375,6,3,3,3,3,0.28567977746327716,8868891,30.6,5.6,30<|dt|<=120s
norcia_2016,quakescope2026,136,2016-10-30 08:14:07.367389184+00:00,42.667847597229745,13.218373994512353,4.6875,10,5,5,6,4,0.5179890871047974,8868891,62.64,25.6,30<|dt|<=120s
norcia_2016,quakescope2026,137,2016-10-30 08:14:45.668340224+00:00,42.064912464680866,13.093910210964292,0.9375,7,3,4,5,2,0.7086475576673236,8869001,-56.81,89.6,30<|dt|<=120s
norcia_2016,quakescope2026,138,2016-10-30 08:15:37.178888192+00:00,42.565403874332276,13.356449910073334,17.8125,7,3,4,5,2,0.6617205824170794,8869001,-5.3,41.9,5<|dt|<=30s
norcia_2016,quakescope2026,139,2016-10-30 08:16:03.544972544+00:00,42.59887563621628,13.632799141969112,14.0625,6,4,2,4,2,0.26578982671101886,8869001,21.06,56.0,5<|dt|<=30s
norcia_2016,quakescope2026,141,2016-10-30 08:17:04.088385536+00:00,42.79295336489662,13.180569441129268,8.4375,6,3,3,3,3,0.6263020038604736,8869031,23.06,15.1,5<|dt|<=30s
norcia_2016,quakescope2026,143,2016-10-30 08:17:54.383053312+00:00,42.8270624147213,13.155336756381123,0.9375,8,4,4,6,2,0.5563172399997711,8869081,14.05,6.4,5<|dt|<=30s
norcia_2016,quakescope2026,144,2016-10-30 08:18:36.528520704+00:00,42.667847597229745,13.218373994512353,2.8125,6,3,3,4,2,0.7786906957626343,8869141,-25.48,5.5,5<|dt|<=30s
norcia_2016,quakescope2026,147,2016-10-30 08:21:30.326130688+00:00,42.81568859687004,13.155349461884263,0.9375,6,4,2,4,2,0.29015564918518066,8869241,-24.6,3.7,5<|dt|<=30s
norcia_2016,quakescope2026,149,2016-10-30 08:22:16.689231104+00:00,42.6336493034753,13.35659380805143,25.3125,6,3,3,4,2,0.6942859093348185,8869241,21.76,29.4,5<|dt|<=30s
norcia_2016,quakescope2026,154,2016-10-30 08:26:27.973731840+00:00,42.99670677500027,13.69861620562598,15.9375,6,4,2,4,2,0.48003681500752765,8869481,-29.71,51.4,5<|dt|<=30s
norcia_2016,quakescope2026,156,2016-10-30 08:28:23.941911040+00:00,42.82706935170612,13.167940975795975,0.9375,7,3,4,5,2,0.5011727128710065,8869581,-24.32,11.5,5<|dt|<=30s
norcia_2016,quakescope2026,159,2016-10-30 08:29:55.825928448+00:00,42.74746596693481,13.230954044025076,15.9375,10,5,5,5,5,0.24662020206451415,8869601,27.1,9.3,5<|dt|<=30s
norcia_2016,quakescope2026,160,2016-10-30 08:30:26.561365248+00:00,42.75876380318885,13.09246107503854,12.1875,8,4,4,5,3,0.37401849031448364,8869711,-40.15,14.0,30<|dt|<=120s
norcia_2016,quakescope2026,161,2016-10-30 08:30:50.290785280+00:00,42.7929616794119,13.21836134784156,0.9375,8,5,3,5,3,0.635094553232193,8869711,-16.42,14.0,5<|dt|<=30s
norcia_2016,quakescope2026,173,2016-10-30 08:39:28.282621952+00:00,42.75881916743497,13.155412878847642,0.9375,9,3,6,6,3,0.473473416434394,8870291,33.42,9.2,30<|dt|<=120s
norcia_2016,quakescope2026,174,2016-10-30 08:40:05.176923136+00:00,42.89532570592651,13.218350940318695,0.9375,6,4,2,4,2,0.6093647082646688,8870291,70.32,14.3,30<|dt|<=120s
norcia_2016,quakescope2026,175,2016-10-30 08:40:22.178021888+00:00,42.838407063055776,13.117504484028734,8.4375,8,4,4,5,3,0.5750286281108856,8870421,-57.63,8.6,30<|dt|<=120s
norcia_2016,quakescope2026,176,2016-10-30 08:40:45.387627520+00:00,42.79296029365912,13.205764043970275,0.9375,9,5,4,5,4,0.46893880102369523,8870421,-34.42,11.4,30<|dt|<=120s
norcia_2016,quakescope2026,178,2016-10-30 08:42:35.866608896+00:00,42.79291179236927,13.117583004208115,2.8125,6,3,3,4,2,0.5177534818649292,8870461,-17.77,8.9,5<|dt|<=30s
norcia_2016,quakescope2026,182,2016-10-30 08:44:42.946454272+00:00,42.73608368404613,13.180609750579015,0.9375,6,3,3,3,3,0.8103826840718588,8870511,43.08,8.0,30<|dt|<=120s
norcia_2016,quakescope2026,183,2016-10-30 08:45:03.009074432+00:00,42.7360905991178,13.243538680543667,32.8125,7,4,3,5,2,0.7480486461094448,8870591,-35.04,11.6,30<|dt|<=120s
norcia_2016,quakescope2026,186,2016-10-30 08:46:18.992952320+00:00,42.69040802447932,13.432173200590801,0.9375,6,4,2,4,2,0.23265767097473145,8870631,-0.23,32.6,"|dt|<=5s, dist>30km"
norcia_2016,quakescope2026,187,2016-10-30 08:47:06.994259456+00:00,42.7702097145507,13.193178268454101,0.9375,10,5,5,5,5,0.3165724277496338,8870761,-40.63,2.6,30<|dt|<=120s
thessaly_2021,jma_wc,2,2021-03-03 10:28:28.072743680+00:00,39.72478449507665,22.194291631817638,8.4375,8,6,2,6,2,0.17713311314582825,noa2021eiham,49.35,3.1,30<|dt|<=120s
thessaly_2021,jma_wc,3,2021-03-03 10:28:53.320149760+00:00,39.724833855249344,22.175366531311013,12.1875,7,4,3,4,3,0.2241757937840053,noa2021eiham,74.59,3.0,30<|dt|<=120s
thessaly_2021,jma_wc,5,2021-03-03 10:31:13.523909632+00:00,39.69054968905972,22.213053289301,6.5625,9,6,3,6,3,0.33406562275356716,noa2021eihcx,43.38,12.6,30<|dt|<=120s
thessaly_2021,jma_wc,6,2021-03-03 10:31:40.473837312+00:00,39.63910045341723,22.26951362686447,4.6875,7,5,2,5,2,0.18667844363621303,noa2021eihcx,70.33,19.8,30<|dt|<=120s
thessaly_2021,jma_wc,7,2021-03-03 10:32:27.197863936+00:00,39.55286151373765,22.45781772600782,0.9375,6,4,2,4,2,0.7196775674819946,noa2021eihfk,-57.93,33.8,30<|dt|<=120s
thessaly_2021,jma_wc,12,2021-03-03 10:40:21.667645952+00:00,39.69054968905972,22.213053289301,6.5625,11,6,5,6,5,0.4840093092484908,noa2021eihmo,-83.12,10.2,30<|dt|<=120s
thessaly_2021,jma_wc,13,2021-03-03 10:40:47.541300992+00:00,39.65641944440591,22.1939837770558,17.8125,6,4,2,4,2,0.24452102184295654,noa2021eihmo,-57.25,11.6,30<|dt|<=120s
thessaly_2021,jma_wc,15,2021-03-03 10:42:36.016188928+00:00,39.69049422607884,22.23196895452139,6.5625,10,6,4,6,4,0.42870848178863524,noa2021eihmo,51.23,11.6,30<|dt|<=120s
thessaly_2021,jma_wc,16,2021-03-03 10:44:01.360118016+00:00,39.67345843268035,22.212971696247774,0.9375,9,4,5,5,4,0.7657949129740397,noa2021eihmo,136.57,11.3,|dt|>120s
thessaly_2021,jma_wc,17,2021-03-03 10:44:52.994431488+00:00,39.74212566908288,22.080789491919763,0.9375,8,4,4,5,3,0.5685137212276459,noa2021eihmo,188.2,2.6,|dt|>120s
thessaly_2021,jma_wc,18,2021-03-03 10:46:58.548345856+00:00,39.67345843268035,22.212971696247774,0.9375,6,3,3,4,2,0.534979502360026,noa2021eihst,-118.23,11.9,30<|dt|<=120s
thessaly_2021,jma_wc,19,2021-03-03 10:47:24.042290176+00:00,39.44557617218838,23.078953548843312,59.0625,7,5,2,5,2,0.5574984550476074,noa2021eihst,-92.73,88.7,30<|dt|<=120s
thessaly_2021,jma_wc,20,2021-03-03 10:48:12.245966336+00:00,39.724676520116525,22.232141685722812,15.9375,8,5,3,5,3,0.3995805084705353,noa2021eihst,-44.53,9.8,30<|dt|<=120s
thessaly_2021,jma_wc,21,2021-03-03 10:48:33.543093760+00:00,39.707788886080095,22.156373663956042,14.0625,8,4,4,4,4,0.09870323538780212,noa2021eihst,-23.23,6.0,5<|dt|<=30s
thessaly_2021,jma_wc,23,2021-03-03 10:50:07.003372288+00:00,38.9725022006631,21.498191958012637,0.9375,6,3,3,4,2,0.4503599802652995,noa2021eihst,70.23,102.5,30<|dt|<=120s
thessaly_2021,jma_wc,24,2021-03-03 10:51:01.097682944+00:00,39.72492332086769,22.137516197753712,6.5625,8,5,3,5,3,0.36033302545547485,noa2021eihst,124.32,3.6,|dt|>120s
thessaly_2021,jma_wc,25,2021-03-03 10:51:22.073255424+00:00,39.69065137158436,22.175221809123098,0.9375,8,5,3,5,3,0.266818642616272,noa2021eihst,145.3,8.5,|dt|>120s
thessaly_2021,jma_wc,26,2021-03-03 10:52:26.553512448+00:00,39.67321823909104,22.288615374464563,8.4375,6,3,3,3,3,0.6161247889200846,noa2021eihxg,-106.4,13.6,30<|dt|<=120s
thessaly_2021,jma_wc,30,2021-03-03 10:57:55.411648256+00:00,39.67334449434177,22.250793648640563,6.5625,7,5,2,5,2,0.22770626204354422,noa2021eihzv,42.75,14.0,30<|dt|<=120s
thessaly_2021,jma_wc,31,2021-03-03 10:58:50.421918464+00:00,39.7591458639457,22.11870788215997,0.9375,10,6,4,6,4,0.47548513412475585,noa2021eihzv,97.76,1.1,30<|dt|<=120s
thessaly_2021,jma_wc,32,2021-03-03 10:59:28.515939840+00:00,39.70764089484295,22.213134951949502,4.6875,8,4,4,4,4,0.5410610437393188,noa2021eihzv,135.86,9.2,|dt|>120s
thessaly_2021,jma_wc,33,2021-03-03 10:59:59.100347392+00:00,39.67345843268035,22.212971696247774,2.8125,9,5,4,5,4,0.6466032928890653,noa2021eihzv,166.44,11.6,|dt|>120s
thessaly_2021,jma_wc,34,2021-03-03 11:00:31.019314432+00:00,39.63927576815556,22.212808718664064,10.3125,9,5,4,5,4,0.31883133782280815,noa2021eihzv,198.36,14.6,|dt|>120s
thessaly_2021,jma_wc,35,2021-03-03 11:01:53.658137600+00:00,39.65641944440591,22.1939837770558,10.3125,7,5,2,5,2,0.136033228465489,noa2021eihzv,281.0,12.1,|dt|>120s
thessaly_2021,jma_wc,36,2021-03-03 11:02:30.663742976+00:00,39.72478449507665,22.194291631817638,8.4375,10,6,4,6,4,0.5213024139404296,noa2021eiihy,-249.75,0.8,|dt|>120s
thessaly_2021,jma_wc,37,2021-03-03 11:03:05.950484736+00:00,38.95600937259376,21.79778720203306,59.0625,7,5,2,5,2,0.5647259099142892,noa2021eiihy,-214.46,92.6,|dt|>120s
thessaly_2021,jma_wc,38,2021-03-03 11:04:44.007927808+00:00,39.75910571015654,22.13764246199223,0.9375,9,5,4,5,4,0.6599763234456381,noa2021eiihy,-116.4,6.6,30<|dt|<=120s
thessaly_2021,jma_wc,39,2021-03-03 11:05:01.886916096+00:00,39.742054670381556,22.11864940141762,12.1875,6,4,2,4,2,0.1713266372680664,noa2021eiihy,-98.52,7.4,30<|dt|<=120s
thessaly_2021,jma_wc,40,2021-03-03 11:05:24.174093056+00:00,39.690435681985406,22.250884565953115,14.0625,6,4,2,4,2,0.14290972550710043,noa2021eiihy,-76.24,5.9,30<|dt|<=120s
thessaly_2021,jma_wc,42,2021-03-03 11:07:12.252994560+00:00,39.72478449507665,22.194291631817638,8.4375,9,5,4,5,4,0.5319235854678683,noa2021eiihy,31.84,0.8,30<|dt|<=120s
thessaly_2021,jma_wc,43,2021-03-03 11:08:22.568891904+00:00,39.72478449507665,22.194291631817638,6.5625,7,5,2,5,2,0.37808622632707867,noa2021eiihy,102.16,0.8,30<|dt|<=120s
thessaly_2021,jma_wc,44,2021-03-03 11:09:06.646286848+00:00,39.69054968905972,22.213053289301,6.5625,10,6,4,6,4,0.34552440643310545,noa2021eiihy,146.24,4.2,|dt|>120s
thessaly_2021,jma_wc,45,2021-03-03 11:10:23.021742336+00:00,39.742014540790414,22.137579302952197,10.3125,9,6,3,6,3,0.18662042087978786,noa2021eiimh,-81.59,3.0,30<|dt|<=120s
thessaly_2021,jma_wc,46,2021-03-03 11:11:20.292669952+00:00,39.72478449507665,22.194291631817638,4.6875,10,5,5,6,4,0.495908784866333,noa2021eiimh,-24.32,2.2,5<|dt|<=30s
thessaly_2021,jma_wc,49,2021-03-03 11:12:49.269912832+00:00,39.65631172959143,22.231796517606927,2.8125,6,3,3,3,3,0.15642976760864258,noa2021eiind,26.9,13.4,5<|dt|<=30s
thessaly_2021,jma_wc,52,2021-03-03 11:16:29.946161152+00:00,39.7763080913059,22.080887781928876,0.9375,7,5,2,5,2,0.2936466080801828,noa2021eiipn,58.41,17.3,30<|dt|<=120s
thessaly_2021,jma_wc,53,2021-03-03 11:16:52.318342656+00:00,39.72488013052004,22.156441385652094,8.4375,8,5,3,5,3,0.3144819736480713,noa2021eiipn,80.78,8.9,30<|dt|<=120s
thessaly_2021,jma_wc,54,2021-03-03 11:17:18.277227520+00:00,39.690602070902834,22.194137573199157,4.6875,9,6,3,6,3,0.2584054470062256,noa2021eiiso,-103.77,6.5,30<|dt|<=120s
thessaly_2021,jma_wc,55,2021-03-03 11:18:18.063078144+00:00,39.65625325607413,22.250702808802796,0.9375,7,3,4,4,3,0.5349821022578648,noa2021eiiso,-43.98,10.3,30<|dt|<=120s
thessaly_2021,jma_wc,58,2021-03-03 11:22:29.345359104+00:00,39.60471504867101,22.32599952258401,0.9375,6,3,3,4,2,0.36844619115193683,noa2021eiiwh,-53.71,23.6,30<|dt|<=120s
thessaly_2021,jma_wc,59,2021-03-03 11:22:44.623964928+00:00,39.65631172959143,22.231796517606927,14.0625,6,3,3,3,3,0.31299304962158203,noa2021eiiwh,-38.43,13.9,30<|dt|<=120s
thessaly_2021,jma_wc,63,2021-03-03 11:26:12.786082048+00:00,39.74045880843214,22.535093652410563,0.9375,6,3,3,4,2,0.42907488346099854,noa2021eiiyc,42.98,27.3,30<|dt|<=120s
thessaly_2021,jma_wc,65,2021-03-03 11:29:10.268740352+00:00,39.72488013052004,22.156441385652094,2.8125,7,4,3,4,3,0.17652205058506557,noa2021eijac,81.18,5.3,30<|dt|<=120s
thessaly_2021,jma_wc,66,2021-03-03 11:29:37.940448256+00:00,39.75918292905217,22.09977326584501,6.5625,7,4,3,4,3,0.1644317081996373,noa2021eijac,108.86,9.0,30<|dt|<=120s
thessaly_2021,jma_wc,67,2021-03-03 11:30:33.402420224+00:00,39.70764089484295,22.213134951949502,6.5625,7,5,2,5,2,0.14526234354291642,noa2021eijdw,-98.96,5.3,30<|dt|<=120s
thessaly_2021,jma_wc,68,2021-03-03 11:31:04.871466752+00:00,39.72488013052004,22.156441385652094,8.4375,8,5,3,5,3,0.33921754360198975,noa2021eijdw,-67.49,9.1,30<|dt|<=120s
thessaly_2021,jma_wc,73,2021-03-03 11:37:00.962237952+00:00,39.65631172959143,22.231796517606927,2.8125,7,4,3,5,2,0.5199239253997803,noa2021eijgu,63.93,4.9,30<|dt|<=120s
thessaly_2021,jma_wc,74,2021-03-03 11:38:50.326059264+00:00,39.70783205039382,22.137453146345806,6.5625,9,6,3,6,3,0.384521484375,noa2021eijky,-113.08,3.7,30<|dt|<=120s
thessaly_2021,jma_wc,75,2021-03-03 11:40:18.480271104+00:00,39.69054968905972,22.213053289301,4.6875,6,4,2,4,2,0.1812716325124105,noa2021eijky,-24.93,6.8,5<|dt|<=30s
thessaly_2021,jma_wc,77,2021-03-03 11:41:10.547680512+00:00,39.604853286626955,22.288215262425908,0.9375,6,3,3,3,3,0.311740239461263,noa2021eijky,27.14,18.3,5<|dt|<=30s
thessaly_2021,jma_wc,78,2021-03-03 11:42:31.855949312+00:00,39.5882684966773,22.099237300489108,10.3125,8,6,2,6,2,0.38325145840644836,noa2021eijmp,7.63,40.7,5<|dt|<=30s
thessaly_2021,jma_wc,79,2021-03-03 11:43:28.189554944+00:00,39.707788886080095,22.156373663956042,8.4375,8,6,2,6,2,0.16838622093200684,noa2021eijmp,63.96,30.4,30<|dt|<=120s
thessaly_2021,jma_wc,80,2021-03-03 11:43:41.825440768+00:00,40.750050990222526,21.526583711978667,59.0625,6,4,2,4,2,0.6346795161565145,noa2021eijmp,77.6,134.6,30<|dt|<=120s
thessaly_2021,jma_wc,81,2021-03-03 11:44:19.089512192+00:00,39.72488013052004,22.156441385652094,15.9375,6,3,3,3,3,0.10312116146087646,noa2021eijpm,-86.9,8.3,30<|dt|<=120s
thessaly_2021,jma_wc,83,2021-03-03 11:47:00.355271168+00:00,39.69054968905972,22.213053289301,4.6875,6,4,2,4,2,0.18437512715657553,noa2021eijpm,74.37,3.1,30<|dt|<=120s
thessaly_2021,jma_wc,84,2021-03-03 11:48:38.972328704+00:00,39.75910571015654,22.13764246199223,4.6875,9,6,3,6,3,0.21560054355197483,noa2021eijsi,-24.95,13.5,5<|dt|<=30s
thessaly_2021,jma_wc,86,2021-03-03 11:50:45.805894144+00:00,39.63910045341723,22.26951362686447,0.9375,6,3,3,3,3,0.37825679779052734,noa2021eijuv,-75.26,16.0,30<|dt|<=120s
thessaly_2021,jma_wc,89,2021-03-03 11:53:30.071546368+00:00,39.69065137158436,22.175221809123098,0.9375,9,6,3,6,3,0.3051612377166748,noa2021eijvi,54.17,4.3,30<|dt|<=120s
thessaly_2021,jma_wc,90,2021-03-03 11:53:46.142173184+00:00,39.81037891486066,22.137832262672344,0.9375,7,3,4,4,3,0.7314378874642509,noa2021eijvi,70.24,13.9,30<|dt|<=120s
thessaly_2021,jma_wc,91,2021-03-03 11:55:02.165793024+00:00,39.70764089484295,22.213134951949502,6.5625,9,5,4,5,4,0.5677668253580729,noa2021eijyc,-45.55,8.3,30<|dt|<=120s
thessaly_2021,jma_wc,93,2021-03-03 11:56:16.439897600+00:00,39.65631172959143,22.231796517606927,6.5625,6,3,3,4,2,0.0928964614868164,noa2021eijyc,28.72,12.5,5<|dt|<=30s
thessaly_2021,jma_wc,94,2021-03-03 11:57:11.429551360+00:00,39.7591458639457,22.11870788215997,4.6875,7,4,3,4,3,0.2584613731929234,noa2021eijzw,-38.48,13.8,30<|dt|<=120s
thessaly_2021,jma_wc,97,2021-03-03 11:59:39.123519488+00:00,39.74209171315133,22.0997194634349,0.9375,7,5,2,5,2,0.3481596197400774,noa2021eikay,32.09,13.3,30<|dt|<=120s
thessaly_2021,jma_wc,98,2021-03-03 12:00:50.777901312+00:00,39.69069759108187,22.156305999980127,0.9375,10,6,4,6,4,0.3674032211303711,noa2021eikay,103.75,6.6,30<|dt|<=120s
thessaly_2021,jma_wc,99,2021-03-03 12:01:08.753535232+00:00,39.673403003138546,22.231882699313072,8.4375,6,3,3,3,3,0.27305809656778973,noa2021eikdy,-88.85,12.8,30<|dt|<=120s
thessaly_2021,jma_wc,101,2021-03-03 12:04:19.718465536+00:00,39.62200915101867,22.26941829161248,0.9375,7,5,2,5,2,0.10807936532156807,noa2021eikdy,102.11,19.4,30<|dt|<=120s
thessaly_2021,jma_wc,102,2021-03-03 12:05:16.205264896+00:00,39.69054968905972,22.213053289301,8.4375,7,5,2,5,2,0.1277102061680385,noa2021eikhu,-107.86,4.9,30<|dt|<=120s
thessaly_2021,jma_wc,103,2021-03-03 12:06:20.236848896+00:00,39.70769330828291,22.19421456966796,4.6875,8,4,4,5,3,0.3381839692592621,noa2021eikhu,-43.83,2.8,30<|dt|<=120s
thessaly_2021,jma_wc,106,2021-03-03 12:08:50.391939072+00:00,39.63910045341723,22.26951362686447,4.6875,6,3,3,3,3,0.0720967451731364,noa2021eikht,41.01,19.3,30<|dt|<=120s
thessaly_2021,jma_wc,107,2021-03-03 12:09:15.982661120+00:00,39.72488013052004,22.156441385652094,0.9375,6,4,2,4,2,0.2690463463465373,noa2021eikht,66.6,5.8,30<|dt|<=120s
thessaly_2021,jma_wc,108,2021-03-03 12:10:00.139620096+00:00,39.53695640669647,22.11795150763178,10.3125,6,3,3,4,2,0.3707776467005412,noa2021eikht,110.76,24.1,30<|dt|<=120s
thessaly_2021,jma_wc,109,2021-03-03 12:11:01.432736768+00:00,39.74187563127846,22.194368759710404,2.8125,10,6,4,6,4,0.6486479043960571,noa2021eikmc,-67.05,5.4,30<|dt|<=120s
thessaly_2021,jma_wc,110,2021-03-03 12:11:10.060107008+00:00,38.6821297374968,22.18970884554088,47.8125,6,4,2,4,2,0.44515403111775714,noa2021eikmc,-58.42,116.1,30<|dt|<=120s
thessaly_2021,jma_wc,112,2021-03-03 12:13:13.558900480+00:00,40.52373258108493,20.8384551854315,0.9375,6,3,3,4,2,0.551218589146932,noa2021eikmc,65.08,141.6,30<|dt|<=120s
thessaly_2021,jma_wc,113,2021-03-03 12:14:28.901683712+00:00,39.48458864172347,22.43839437356917,0.9375,7,4,3,4,3,0.9349635669163295,noa2021eikmc,140.42,37.3,|dt|>120s
thessaly_2021,jma_wc,114,2021-03-03 12:15:24.310829056+00:00,39.673403003138546,22.231882699313072,4.6875,9,6,3,6,3,0.20724540286593968,noa2021eikqg,-94.06,5.2,30<|dt|<=120s
thessaly_2021,jma_wc,115,2021-03-03 12:16:19.110199040+00:00,39.63932805530027,22.193906977257267,0.9375,9,4,5,6,3,0.8651386102040609,noa2021eikqg,-39.26,3.7,30<|dt|<=120s
thessaly_2021,jma_wc,117,2021-03-03 12:17:59.184002048+00:00,39.690602070902834,22.194137573199157,0.9375,10,6,4,6,4,0.4378358364105225,noa2021eikqg,60.81,3.2,30<|dt|<=120s
thessaly_2021,jma_wc,118,2021-03-03 12:18:45.107701248+00:00,39.742014540790414,22.137579302952197,0.9375,9,5,4,6,3,0.5746887260013156,noa2021eikta,-84.47,12.3,30<|dt|<=120s
thessaly_2021,jma_wc,119,2021-03-03 12:19:05.999993600+00:00,39.65625325607413,22.250702808802796,12.1875,6,3,3,4,2,0.2957472801208496,noa2021eikta,-63.58,3.9,30<|dt|<=120s
thessaly_2021,jma_wc,120,2021-03-03 12:19:26.988401664+00:00,39.70774263870278,22.175294139366788,10.3125,6,3,3,3,3,0.10892224311828613,noa2021eikta,-42.59,7.9,30<|dt|<=120s
thessaly_2021,jma_wc,123,2021-03-03 12:21:40.092028672+00:00,39.72488013052004,22.156441385652094,6.5625,9,6,3,6,3,0.20077196756998697,noa2021eiksz,38.7,2.4,30<|dt|<=120s
thessaly_2021,jma_wc,124,2021-03-03 12:23:49.781827328+00:00,39.75906246770299,22.156577002423344,8.4375,8,6,2,6,2,0.25705909729003906,noa2021eikwk,-20.09,7.5,5<|dt|<=30s
thessaly_2021,jma_wc,126,2021-03-03 12:24:58.914723072+00:00,39.673403003138546,22.231882699313072,6.5625,6,3,3,3,3,0.10782130559285481,noa2021eikwk,49.05,4.0,30<|dt|<=120s
thessaly_2021,jma_wc,128,2021-03-03 12:26:48.541716736+00:00,39.707788886080095,22.156373663956042,6.5625,6,3,3,4,2,0.41386107603708905,noa2021eikyd,37.55,5.6,30<|dt|<=120s
thessaly_2021,jma_wc,129,2021-03-03 12:27:25.211190784+00:00,39.707788886080095,22.156373663956042,6.5625,7,4,3,4,3,0.25732060841151644,noa2021eikyd,74.22,5.6,30<|dt|<=120s
thessaly_2021,jma_wc,130,2021-03-03 12:28:07.195799808+00:00,39.72478449507665,22.194291631817638,10.3125,10,6,4,6,4,0.37672569751739504,noa2021eikyd,116.21,6.3,30<|dt|<=120s
thessaly_2021,jma_wc,131,2021-03-03 12:28:32.560137984+00:00,39.72478449507665,22.194291631817638,4.6875,10,5,5,6,4,0.6814344644546508,noa2021eikyd,141.57,6.3,|dt|>120s
thessaly_2021,jma_wc,132,2021-03-03 12:29:57.035205376+00:00,39.776107201402525,22.17558407793169,0.9375,9,6,3,6,3,0.6390018728044298,noa2021eilcs,-91.89,14.3,30<|dt|<=120s
thessaly_2021,jma_wc,133,2021-03-03 12:30:14.353456896+00:00,39.742014540790414,22.137579302952197,10.3125,8,5,3,5,3,0.17382875084877014,noa2021eilcs,-74.57,11.8,30<|dt|<=120s
thessaly_2021,jma_wc,134,2021-03-03 12:30:45.568716288+00:00,39.63932805530027,22.193906977257267,2.8125,6,4,2,4,2,0.49451637268066406,noa2021eilcs,-43.36,1.4,30<|dt|<=120s
thessaly_2021,jma_wc,136,2021-03-03 12:32:33.028151808+00:00,39.84451742550597,22.15691705828992,0.9375,6,4,2,4,2,0.7120144764582316,noa2021eildy,-23.98,19.5,5<|dt|<=30s
thessaly_2021,jma_wc,138,2021-03-03 12:33:42.754779904+00:00,39.67345843268035,22.212971696247774,6.5625,7,4,3,5,2,0.17264917918613978,noa2021eildy,45.75,6.0,30<|dt|<=120s
thessaly_2021,jma_wc,141,2021-03-03 12:37:00.817573888+00:00,39.70740041137984,22.28881594268016,0.9375,8,5,3,5,3,0.6285548210144043,noa2021eilia,-40.99,11.6,30<|dt|<=120s
thessaly_2021,jma_wc,142,2021-03-03 12:37:26.408829440+00:00,39.72488013052004,22.156441385652094,8.4375,6,3,3,3,3,0.11132248242696126,noa2021eilia,-15.4,12.1,5<|dt|<=30s
thessaly_2021,jma_wc,144,2021-03-03 12:38:14.037651968+00:00,39.707788886080095,22.156373663956042,6.5625,8,5,3,5,3,0.17980828881263733,noa2021eilia,32.23,10.3,30<|dt|<=120s
thessaly_2021,jma_wc,145,2021-03-03 12:38:50.355012864+00:00,39.70774263870278,22.175294139366788,4.6875,7,5,2,5,2,0.30303525924682617,noa2021eilia,68.55,9.8,30<|dt|<=120s
thessaly_2021,jma_wc,146,2021-03-03 12:39:30.374938368+00:00,39.79285495523664,22.289318862316627,0.9375,6,3,3,4,2,0.5943241914113363,noa2021eilia,108.57,20.1,30<|dt|<=120s
thessaly_2021,jma_wc,147,2021-03-03 12:42:23.402578432+00:00,39.742054670381556,22.11864940141762,8.4375,8,5,3,6,2,0.24007058143615723,noa2021eilnu,-121.36,6.5,|dt|>120s
thessaly_2021,jma_wc,148,2021-03-03 12:43:49.223693824+00:00,39.673403003138546,22.231882699313072,4.6875,6,4,2,4,2,0.16706562042236328,noa2021eilnu,-35.54,5.8,30<|dt|<=120s
thessaly_2021,jma_wc,150,2021-03-03 12:45:08.930881536+00:00,39.742014540790414,22.137579302952197,6.5625,7,5,2,5,2,0.1704725537981306,noa2021eilnu,44.17,5.4,30<|dt|<=120s
thessaly_2021,jma_wc,151,2021-03-03 12:45:53.307292160+00:00,39.67351078294197,22.19406064234911,0.9375,7,5,2,5,2,0.2112103189740862,noa2021eilpx,-59.58,14.5,30<|dt|<=120s
thessaly_2021,jma_wc,153,2021-03-03 12:47:54.506204416+00:00,39.724963426272616,22.118590970528768,10.3125,7,4,3,4,3,0.37713285854884554,noa2021eilrl,-27.25,5.0,5<|dt|<=30s
thessaly_2021,jma_wc,155,2021-03-03 12:49:27.281646336+00:00,39.72488013052004,22.156441385652094,10.3125,9,6,3,6,3,0.3853109942542182,noa2021eilrl,65.53,4.6,30<|dt|<=120s
thessaly_2021,jma_wc,156,2021-03-03 12:49:59.262306304+00:00,39.70774263870278,22.175294139366788,12.1875,7,4,3,4,3,0.6810166835784912,noa2021eilrl,97.51,6.9,30<|dt|<=120s
thessaly_2021,jma_wc,157,2021-03-03 12:50:34.514739200+00:00,39.84463825035751,22.10004296740031,0.9375,6,4,2,4,2,0.5628524621327718,noa2021eilrl,132.76,9.6,|dt|>120s
thessaly_2021,jma_wc,158,2021-03-03 12:51:05.387206656+00:00,39.67356005389963,22.175149540521595,4.6875,8,5,3,5,3,0.4502522647380829,noa2021eilvk,-130.5,9.8,|dt|>120s
thessaly_2021,jma_wc,159,2021-03-03 12:51:28.746741760+00:00,39.7763080913059,22.080887781928876,0.9375,9,5,4,5,4,0.45665346251593697,noa2021eilvk,-107.14,8.9,30<|dt|<=120s
thessaly_2021,jma_wc,161,2021-03-03 12:54:05.741221120+00:00,39.75924779315095,22.06190393544099,0.9375,8,4,4,5,3,0.4690306484699249,noa2021eilwr,-39.27,9.2,30<|dt|<=120s
thessaly_2021,jma_wc,163,2021-03-03 12:55:52.985534464+00:00,39.742054670381556,22.11864940141762,6.5625,8,5,3,5,3,0.4403539299964905,noa2021eilwr,67.98,7.9,30<|dt|<=120s
thessaly_2021,jma_wc,164,2021-03-03 12:56:56.854184448+00:00,39.690602070902834,22.194137573199157,4.6875,7,4,3,4,3,0.14801086698259627,noa2021eilwr,131.85,13.8,|dt|>120s
thessaly_2021,jma_wc,165,2021-03-03 12:57:28.757805568+00:00,39.67307966715775,22.32643685048525,34.6875,8,5,3,5,3,0.6744818091392517,noa2021eimbe,-150.96,11.2,|dt|>120s
thessaly_2021,jma_wc,166,2021-03-03 12:58:35.855619840+00:00,39.673606245530905,22.15623839366976,0.9375,8,5,3,5,3,0.47312888503074646,noa2021eimbe,-83.86,5.1,30<|dt|<=120s
thessaly_2021,jma_wc,168,2021-03-03 13:00:25.798369536+00:00,39.70769330828291,22.19421456966796,6.5625,9,6,3,6,3,0.2911398675706651,noa2021eimbe,26.08,0.8,5<|dt|<=30s
thessaly_2021,jma_wc,169,2021-03-03 13:01:42.179117312+00:00,39.70769330828291,22.19421456966796,10.3125,7,4,3,5,2,0.27010955129350933,noa2021eimdo,-65.08,6.8,30<|dt|<=120s
thessaly_2021,jma_wc,171,2021-03-03 13:03:40.499283968+00:00,39.67307966715775,22.32643685048525,19.6875,6,4,2,4,2,0.8343242009480795,noa2021eimdo,53.24,9.9,30<|dt|<=120s
thessaly_2021,jma_wc,172,2021-03-03 13:04:19.272233472+00:00,39.69049422607884,22.23196895452139,8.4375,7,4,3,4,3,0.14611291885375977,noa2021eimdo,92.01,4.9,30<|dt|<=120s
thessaly_2021,jma_wc,173,2021-03-03 13:05:50.540002816+00:00,39.65631172959143,22.231796517606927,12.1875,8,5,3,5,3,0.15270856022834778,noa2021eimhn,-82.22,3.4,30<|dt|<=120s
thessaly_2021,jma_wc,174,2021-03-03 13:06:40.107866624+00:00,39.70774263870278,22.175294139366788,6.5625,6,3,3,3,3,0.13055888811747232,noa2021eimhn,-32.66,4.2,30<|dt|<=120s
thessaly_2021,jma_wc,180,2021-03-03 13:10:18.859803648+00:00,39.65631172959143,22.231796517606927,0.9375,8,4,4,5,3,0.6988580524921417,noa2021eimjd,61.6,9.2,30<|dt|<=120s
thessaly_2021,jma_wc,181,2021-03-03 13:11:08.267040768+00:00,39.62262392610271,21.967062250072313,19.6875,8,4,4,5,3,0.43669161200523376,noa2021eimjd,111.0,21.7,30<|dt|<=120s
thessaly_2021,jma_wc,182,2021-03-03 13:11:38.822680576+00:00,39.604853286626955,22.288215262425908,0.9375,6,3,3,3,3,0.3167401949564616,noa2021eimjd,141.56,16.6,|dt|>120s
thessaly_2021,jma_wc,183,2021-03-03 13:12:38.484513024+00:00,39.75885861165967,21.531732288231233,47.8125,6,4,2,4,2,0.6752092838287354,noa2021eimnt,-122.75,64.4,|dt|>120s
thessaly_2021,jma_wc,184,2021-03-03 13:13:20.018267392+00:00,39.65631172959143,22.231796517606927,6.5625,6,3,3,4,2,0.16448124249776205,noa2021eimnt,-81.22,4.2,30<|dt|<=120s
thessaly_2021,jma_wc,185,2021-03-03 13:14:01.930528768+00:00,39.707788886080095,22.156373663956042,6.5625,7,4,3,5,2,0.896397488457816,noa2021eimnt,-39.3,11.0,30<|dt|<=120s
thessaly_2021,jma_wc,189,2021-03-03 13:16:07.140717568+00:00,39.707788886080095,22.156373663956042,14.0625,6,3,3,4,2,0.0880123774210612,noa2021eimor,21.45,19.6,5<|dt|<=30s
thessaly_2021,jma_wc,191,2021-03-03 13:17:32.924723456+00:00,39.724037937072566,22.402463924313828,21.5625,6,4,2,4,2,0.39554838339487713,noa2021eimqv,-43.3,17.5,30<|dt|<=120s
thessaly_2021,jma_wc,193,2021-03-03 13:18:51.562382336+00:00,39.70769330828291,22.19421456966796,15.9375,8,4,4,4,4,0.16816610097885132,noa2021eimrp,-18.82,7.8,5<|dt|<=30s
thessaly_2021,jma_wc,194,2021-03-03 13:19:25.393365504+00:00,39.72492332086769,22.137516197753712,8.4375,9,5,4,6,3,0.28565555148654515,noa2021eimsa,-12.51,3.2,5<|dt|<=30s
thessaly_2021,jma_wc,199,2021-03-03 13:25:18.894674432+00:00,39.605037605365716,22.231538412807467,0.9375,6,3,3,4,2,0.7585670948028564,noa2021eimwd,52.43,13.8,30<|dt|<=120s
thessaly_2021,jma_wc,200,2021-03-03 13:25:51.975166464+00:00,39.72488013052004,22.156441385652094,12.1875,6,4,2,4,2,0.11700658003489177,noa2021eimwd,85.51,8.0,30<|dt|<=120s
thessaly_2021,instance,2,2021-03-03 10:28:28.272219904+00:00,39.72478449507665,22.194291631817638,8.4375,8,4,4,4,4,0.33569908142089844,noa2021eiham,49.54,3.1,30<|dt|<=120s
thessaly_2021,instance,3,2021-03-03 10:28:54.048270336+00:00,39.742014540790414,22.137579302952197,4.6875,7,4,3,4,3,0.3947833946772984,noa2021eiham,75.32,4.0,30<|dt|<=120s
thessaly_2021,instance,5,2021-03-03 10:31:12.877537280+00:00,39.6732829063166,22.26970454132584,8.4375,8,4,4,5,3,0.29864582419395447,noa2021eihcx,42.73,16.5,30<|dt|<=120s
thessaly_2021,instance,6,2021-03-03 10:32:31.669815296+00:00,39.72473205002443,22.21321668425916,0.9375,8,4,4,5,3,0.5639925301074982,noa2021eihfk,-53.46,6.8,30<|dt|<=120s
thessaly_2021,instance,7,2021-03-03 10:33:03.646124800+00:00,39.57090983219999,22.212483595751287,0.9375,6,4,2,4,2,0.5169389645258585,noa2021eihfk,-21.48,23.9,5<|dt|<=30s
thessaly_2021,instance,12,2021-03-03 10:37:35.259371264+00:00,39.62194460071451,22.288315162588074,0.9375,9,5,4,5,4,0.36749230490790474,noa2021eihip,27.8,10.3,5<|dt|<=30s
thessaly_2021,instance,13,2021-03-03 10:39:45.892617728+00:00,39.77605775188425,22.194523212974435,29.0625,7,4,3,4,3,0.42632133620125906,noa2021eihmo,-118.9,8.3,30<|dt|<=120s
thessaly_2021,instance,14,2021-03-03 10:40:21.708207104+00:00,39.69054968905972,22.213053289301,6.5625,10,5,5,6,4,0.5546867847442627,noa2021eihmo,-83.08,10.2,30<|dt|<=120s
thessaly_2021,instance,16,2021-03-03 10:42:36.224060672+00:00,39.70764089484295,22.213134951949502,6.5625,12,6,6,6,6,0.4798377950986226,noa2021eihmo,51.43,9.4,30<|dt|<=120s
thessaly_2021,instance,17,2021-03-03 10:44:00.313676288+00:00,39.72473205002443,22.21321668425916,0.9375,9,5,4,5,4,0.6653733783298068,noa2021eihmo,135.52,8.9,|dt|>120s
thessaly_2021,instance,18,2021-03-03 10:44:52.559180544+00:00,39.69074072937436,22.13739014867758,10.3125,10,6,4,6,4,0.24972124099731446,noa2021eihmo,187.77,5.8,|dt|>120s
thessaly_2021,instance,19,2021-03-03 10:47:27.460269312+00:00,39.707788886080095,22.156373663956042,10.3125,6,4,2,4,2,0.07112471262613933,noa2021eihst,-89.31,6.0,30<|dt|<=120s
thessaly_2021,instance,20,2021-03-03 10:47:38.496010240+00:00,39.69069759108187,22.156305999980127,2.8125,7,5,2,5,2,0.15177927698407853,noa2021eihst,-78.28,7.8,30<|dt|<=120s
thessaly_2021,instance,21,2021-03-03 10:48:13.341849600+00:00,39.742014540790414,22.137579302952197,6.5625,10,6,4,6,4,0.3367700338363647,noa2021eihst,-43.43,1.9,30<|dt|<=120s
thessaly_2021,instance,22,2021-03-03 10:48:34.744918528+00:00,39.7591458639457,22.11870788215997,0.9375,10,6,4,6,4,0.6014601945877075,noa2021eihst,-22.03,0.6,5<|dt|<=30s
thessaly_2021,instance,24,2021-03-03 10:51:00.893620992+00:00,39.72488013052004,22.156441385652094,8.4375,10,6,4,6,4,0.3595280647277832,noa2021eihst,124.12,4.4,|dt|>120s
thessaly_2021,instance,25,2021-03-03 10:51:21.986656+00:00,39.67334449434177,22.250793648640563,2.8125,9,6,3,6,3,0.521012094285753,noa2021eihst,145.21,14.2,|dt|>120s
thessaly_2021,instance,26,2021-03-03 10:52:17.943101184+00:00,39.74192502121849,22.175438985014214,0.9375,10,5,5,6,4,0.6541693210601807,noa2021eihxg,-115.01,4.6,30<|dt|<=120s
thessaly_2021,instance,27,2021-03-03 10:52:27.863275520+00:00,39.65641944440591,22.1939837770558,0.9375,8,5,3,5,3,0.38133302330970764,noa2021eihxg,-105.09,13.4,30<|dt|<=120s
thessaly_2021,instance,28,2021-03-03 10:53:11.481354496+00:00,39.707788886080095,22.156373663956042,10.3125,6,3,3,4,2,0.08015946547190349,noa2021eihxg,-61.47,8.7,30<|dt|<=120s
thessaly_2021,instance,32,2021-03-03 10:57:36.923904512+00:00,38.93289769140306,23.07028737057523,59.0625,6,4,2,4,2,0.6839267810185751,noa2021eihzv,24.27,122.1,5<|dt|<=30s
thessaly_2021,instance,33,2021-03-03 10:58:50.854035968+00:00,39.741971324396154,22.156509165122944,2.8125,12,6,6,6,6,0.7111279964447021,noa2021eihzv,98.2,3.3,30<|dt|<=120s
thessaly_2021,instance,34,2021-03-03 10:59:28.879500800+00:00,39.69065137158436,22.175221809123098,0.9375,9,5,4,5,4,0.3161923090616862,noa2021eihzv,136.22,8.0,|dt|>120s
thessaly_2021,instance,35,2021-03-03 10:59:59.004695296+00:00,39.65641944440591,22.1939837770558,0.9375,8,4,4,5,3,0.34447216987609863,noa2021eihzv,166.35,12.1,|dt|>120s
thessaly_2021,instance,36,2021-03-03 11:00:31.961387520+00:00,39.69069759108187,22.156305999980127,4.6875,10,6,4,6,4,0.34895083904266355,noa2021eihzv,199.3,7.2,|dt|>120s
thessaly_2021,instance,37,2021-03-03 11:01:53.771202560+00:00,39.65641944440591,22.1939837770558,8.4375,9,5,4,5,4,0.21887339486016166,noa2021eihzv,281.11,12.1,|dt|>120s
thessaly_2021,instance,38,2021-03-03 11:02:30.517073152+00:00,39.70769330828291,22.19421456966796,8.4375,10,6,4,6,4,0.3198636770248413,noa2021eiihy,-249.89,2.4,|dt|>120s
thessaly_2021,instance,39,2021-03-03 11:03:05.119000064+00:00,39.69054968905972,22.213053289301,4.6875,8,6,2,6,2,0.1858939230442047,noa2021eiihy,-215.29,4.2,|dt|>120s
thessaly_2021,instance,40,2021-03-03 11:03:22.032851200+00:00,39.70769330828291,22.19421456966796,10.3125,8,4,4,4,4,0.17920804023742676,noa2021eiihy,-198.38,2.4,|dt|>120s
thessaly_2021,instance,41,2021-03-03 11:04:43.143006464+00:00,39.70769330828291,22.19421456966796,12.1875,10,6,4,6,4,0.34731643199920653,noa2021eiihy,-117.27,2.4,30<|dt|<=120s
thessaly_2021,instance,42,2021-03-03 11:05:02.556914176+00:00,39.7763080913059,22.080887781928876,0.9375,9,5,4,5,4,0.4391803741455078,noa2021eiihy,-97.85,11.7,30<|dt|<=120s
thessaly_2021,instance,43,2021-03-03 11:05:24.818095104+00:00,39.69054968905972,22.213053289301,12.1875,6,3,3,3,3,0.15701154867808023,noa2021eiihy,-75.59,4.2,30<|dt|<=120s
thessaly_2021,instance,45,2021-03-03 11:07:11.872773376+00:00,39.707788886080095,22.156373663956042,10.3125,9,5,4,5,4,0.15152947107950845,noa2021eiihy,31.46,4.6,30<|dt|<=120s
thessaly_2021,instance,46,2021-03-03 11:09:06.585286912+00:00,39.69054968905972,22.213053289301,6.5625,10,6,4,6,4,0.33452439308166504,noa2021eiihy,146.17,4.2,|dt|>120s
thessaly_2021,instance,47,2021-03-03 11:10:23.048796928+00:00,39.7591458639457,22.11870788215997,8.4375,10,6,4,6,4,0.2254880428314209,noa2021eiimh,-81.56,5.3,30<|dt|<=120s
thessaly_2021,instance,48,2021-03-03 11:11:08.201689088+00:00,39.70769330828291,22.19421456966796,6.5625,7,5,2,5,2,0.275254419871739,noa2021eiimh,-36.41,3.4,30<|dt|<=120s
thessaly_2021,instance,49,2021-03-03 11:11:20.043600640+00:00,39.70769330828291,22.19421456966796,6.5625,10,6,4,6,4,0.24794270992279052,noa2021eiimh,-24.57,3.4,5<|dt|<=30s
thessaly_2021,instance,52,2021-03-03 11:14:20.917996800+00:00,39.72492332086769,22.137516197753712,8.4375,8,5,3,5,3,0.12613621354103088,noa2021eiioq,-7.23,10.8,5<|dt|<=30s
thessaly_2021,instance,53,2021-03-03 11:14:26.269345536+00:00,39.535862363824315,22.438803477547523,0.9375,9,6,3,6,3,0.8756028281317817,noa2021eiioq,-1.88,42.9,"|dt|<=5s, dist>30km"
thessaly_2021,instance,55,2021-03-03 11:16:30.013533952+00:00,39.7763080913059,22.080887781928876,0.9375,10,6,4,6,4,0.2208935499191284,noa2021eiipn,58.48,17.3,30<|dt|<=120s
thessaly_2021,instance,56,2021-03-03 11:16:52.922667776+00:00,39.742014540790414,22.137579302952197,0.9375,11,6,5,6,5,0.5047324137254194,noa2021eiipn,81.39,11.2,30<|dt|<=120s
thessaly_2021,instance,57,2021-03-03 11:17:18.280561152+00:00,39.690602070902834,22.194137573199157,4.6875,9,6,3,6,3,0.26062758763631183,noa2021eiiso,-103.76,6.5,30<|dt|<=120s
thessaly_2021,instance,58,2021-03-03 11:17:53.558694912+00:00,39.742014540790414,22.137579302952197,0.9375,7,4,3,4,3,0.5269456590924945,noa2021eiiso,-68.48,7.0,30<|dt|<=120s
thessaly_2021,instance,61,2021-03-03 11:22:45.986882560+00:00,39.70769330828291,22.19421456966796,8.4375,10,5,5,6,4,0.4860238075256348,noa2021eiiwh,-37.07,7.5,30<|dt|<=120s
thessaly_2021,instance,65,2021-03-03 11:26:14.330247168+00:00,39.690309350568796,22.288715615822056,19.6875,7,4,3,4,3,0.24011213438851492,noa2021eiiyc,44.53,6.8,30<|dt|<=120s
thessaly_2021,instance,67,2021-03-03 11:29:38.336959488+00:00,39.776274094413644,22.099827114163993,0.9375,8,5,3,5,3,0.33383551239967346,noa2021eijac,109.25,9.3,30<|dt|<=120s
thessaly_2021,instance,68,2021-03-03 11:30:33.766384640+00:00,39.70769330828291,22.19421456966796,4.6875,9,5,4,5,4,0.2699098322126601,noa2021eijdw,-98.6,6.6,30<|dt|<=120s
thessaly_2021,instance,69,2021-03-03 11:31:05.449761536+00:00,39.742014540790414,22.137579302952197,0.9375,12,6,6,6,6,0.7325175404548645,noa2021eijdw,-66.91,10.7,30<|dt|<=120s
thessaly_2021,instance,74,2021-03-03 11:38:50.189581312+00:00,39.75921690545907,22.080838615965845,0.9375,10,6,4,6,4,0.5410278081893921,noa2021eijky,-113.22,7.2,30<|dt|<=120s
thessaly_2021,instance,75,2021-03-03 11:39:50.271503616+00:00,39.62223661563067,22.193830242891657,0.9375,7,5,2,5,2,0.5497435501643589,noa2021eijky,-53.13,13.0,30<|dt|<=120s
thessaly_2021,instance,76,2021-03-03 11:40:18.685564928+00:00,39.69054968905972,22.213053289301,2.8125,8,6,2,6,2,0.17942214012145996,noa2021eijky,-24.72,6.8,5<|dt|<=30s
thessaly_2021,instance,78,2021-03-03 11:43:28.231358208+00:00,39.69065137158436,22.175221809123098,8.4375,10,6,4,6,4,0.3319615125656128,noa2021eijmp,64.0,29.6,30<|dt|<=120s
thessaly_2021,instance,79,2021-03-03 11:43:43.768562688+00:00,39.75910571015654,22.13764246199223,2.8125,9,5,4,5,4,0.5197281042734782,noa2021eijmp,79.54,30.8,30<|dt|<=120s
thessaly_2021,instance,80,2021-03-03 11:44:04.039332096+00:00,39.67351078294197,22.19406064234911,2.8125,8,5,3,5,3,0.693772166967392,noa2021eijmp,99.81,28.9,30<|dt|<=120s
thessaly_2021,instance,82,2021-03-03 11:47:00.222474496+00:00,39.673403003138546,22.231882699313072,4.6875,7,4,3,4,3,0.14274133954729354,noa2021eijpm,74.24,3.2,30<|dt|<=120s
thessaly_2021,instance,83,2021-03-03 11:48:38.692757504+00:00,39.72488013052004,22.156441385652094,10.3125,9,6,3,6,3,0.29824042320251465,noa2021eijsi,-25.23,10.7,5<|dt|<=30s
thessaly_2021,instance,85,2021-03-03 11:50:45.386735360+00:00,39.639035864158195,22.288415147928227,0.9375,7,4,3,4,3,0.28688853127615793,noa2021eijuv,-75.68,17.2,30<|dt|<=120s
thessaly_2021,instance,88,2021-03-03 11:53:29.686769664+00:00,39.65631172959143,22.231796517606927,0.9375,7,5,2,5,2,0.15909130232674734,noa2021eijvi,53.78,5.3,30<|dt|<=120s
thessaly_2021,instance,89,2021-03-03 11:53:46.762654720+00:00,39.776274094413644,22.099827114163993,0.9375,9,5,4,5,4,0.5996390448676215,noa2021eijvi,70.86,13.2,30<|dt|<=120s
thessaly_2021,instance,90,2021-03-03 11:55:02.142637056+00:00,39.70769330828291,22.19421456966796,6.5625,11,6,5,6,5,0.5216477350755171,noa2021eijyc,-45.57,6.8,30<|dt|<=120s
thessaly_2021,instance,92,2021-03-03 11:56:15.965037056+00:00,39.6732829063166,22.26970454132584,8.4375,8,4,4,5,3,0.4988909065723419,noa2021eijyc,28.25,14.2,5<|dt|<=30s
thessaly_2021,instance,93,2021-03-03 11:57:11.465131008+00:00,39.75910571015654,22.13764246199223,0.9375,7,5,2,5,2,0.30392411776951384,noa2021eijzw,-38.45,12.6,30<|dt|<=120s
thessaly_2021,instance,95,2021-03-03 11:58:11.250885632+00:00,39.74192502121849,22.175438985014214,19.6875,6,3,3,3,3,0.554170290629069,noa2021eijzw,21.34,9.0,5<|dt|<=30s
thessaly_2021,instance,97,2021-03-03 11:59:39.182413824+00:00,39.742054670381556,22.11864940141762,4.6875,10,6,4,6,4,0.2644603967666626,noa2021eikay,32.15,12.0,30<|dt|<=120s
thessaly_2021,instance,98,2021-03-03 11:59:51.260126976+00:00,39.72473205002443,22.21321668425916,14.0625,8,3,5,5,3,0.4177350401878357,noa2021eikay,44.23,5.3,30<|dt|<=120s
thessaly_2021,instance,99,2021-03-03 12:00:50.618897920+00:00,39.67345843268035,22.212971696247774,4.6875,11,6,5,6,5,0.3824586868286133,noa2021eikay,103.59,1.8,30<|dt|<=120s
thessaly_2021,instance,100,2021-03-03 12:01:09.218926848+00:00,39.70769330828291,22.19421456966796,6.5625,8,4,4,4,4,0.3190304934978485,noa2021eikdy,-88.39,8.0,30<|dt|<=120s
thessaly_2021,instance,102,2021-03-03 12:05:16.620780032+00:00,39.70764089484295,22.213134951949502,6.5625,10,6,4,6,4,0.4487431764602661,noa2021eikhu,-107.45,4.4,30<|dt|<=120s
thessaly_2021,instance,103,2021-03-03 12:05:32.923478784+00:00,39.6732829063166,22.26970454132584,8.4375,6,3,3,4,2,0.4454093774159749,noa2021eikhu,-91.14,10.1,30<|dt|<=120s
thessaly_2021,instance,104,2021-03-03 12:06:19.940549888+00:00,39.707788886080095,22.156373663956042,2.8125,6,4,2,4,2,0.16406702995300293,noa2021eikhu,-44.13,0.6,30<|dt|<=120s
thessaly_2021,instance,105,2021-03-03 12:06:44.159173376+00:00,39.75910571015654,22.13764246199223,0.9375,7,5,2,5,2,0.340738160269601,noa2021eikhu,-19.91,5.7,5<|dt|<=30s
thessaly_2021,instance,107,2021-03-03 12:07:59.885884416+00:00,39.72492332086769,22.137516197753712,0.9375,6,4,2,4,2,0.12278834978739421,noa2021eikht,-9.49,4.5,5<|dt|<=30s
thessaly_2021,instance,109,2021-03-03 12:09:15.947623680+00:00,39.70769330828291,22.19421456966796,4.6875,10,6,4,6,4,0.2823881864547729,noa2021eikht,66.57,9.5,30<|dt|<=120s
thessaly_2021,instance,110,2021-03-03 12:09:39.822609664+00:00,39.7591458639457,22.11870788215997,0.9375,6,4,2,4,2,0.2669816811879476,noa2021eikht,90.44,1.7,30<|dt|<=120s
thessaly_2021,instance,111,2021-03-03 12:11:01.015036672+00:00,39.70769330828291,22.19421456966796,6.5625,9,6,3,6,3,0.19359681341383192,noa2021eikmc,-67.47,5.4,30<|dt|<=120s
thessaly_2021,instance,112,2021-03-03 12:11:43.188472832+00:00,39.74209171315133,22.0997194634349,0.9375,11,5,6,6,5,0.5984227874062278,noa2021eikmc,-25.29,3.6,5<|dt|<=30s
thessaly_2021,instance,114,2021-03-03 12:13:33.422982656+00:00,39.75910571015654,22.13764246199223,10.3125,8,6,2,6,2,0.359036922454834,noa2021eikmc,84.94,3.8,30<|dt|<=120s
thessaly_2021,instance,115,2021-03-03 12:13:51.787531264+00:00,39.690602070902834,22.194137573199157,0.9375,9,4,5,5,4,0.6687657038370768,noa2021eikmc,103.31,6.3,30<|dt|<=120s
thessaly_2021,instance,116,2021-03-03 12:14:33.249167872+00:00,39.742054670381556,22.11864940141762,2.8125,10,6,4,6,4,0.3089719295501709,noa2021eikmc,144.77,2.3,|dt|>120s
thessaly_2021,instance,117,2021-03-03 12:15:24.511872512+00:00,39.69054968905972,22.213053289301,4.6875,10,6,4,6,4,0.3375834941864014,noa2021eikqg,-93.86,4.4,30<|dt|<=120s
thessaly_2021,instance,118,2021-03-03 12:16:18.713125120+00:00,39.67356005389963,22.175149540521595,0.9375,10,6,4,6,4,0.6703815221786499,noa2021eikqg,-39.66,0.7,30<|dt|<=120s
thessaly_2021,instance,120,2021-03-03 12:17:59.272723200+00:00,39.67345843268035,22.212971696247774,0.9375,11,6,5,6,5,0.5465265837582675,noa2021eikqg,60.9,3.6,30<|dt|<=120s
thessaly_2021,instance,121,2021-03-03 12:18:45.011318272+00:00,39.72492332086769,22.137516197753712,0.9375,9,5,4,6,3,0.3830496470133464,noa2021eikta,-84.57,11.5,30<|dt|<=120s
thessaly_2021,instance,122,2021-03-03 12:19:06.810930432+00:00,39.724833855249344,22.175366531311013,8.4375,6,3,3,3,3,0.14415856202443442,noa2021eikta,-62.77,8.6,30<|dt|<=120s
thessaly_2021,instance,123,2021-03-03 12:19:26.198626816+00:00,39.65631172959143,22.231796517606927,14.0625,6,3,3,4,2,0.21814457575480142,noa2021eikta,-43.38,4.6,30<|dt|<=120s
thessaly_2021,instance,126,2021-03-03 12:21:40.462373376+00:00,39.72488013052004,22.156441385652094,2.8125,11,6,5,6,5,0.46245622634887695,noa2021eiksz,39.07,2.4,30<|dt|<=120s
thessaly_2021,instance,127,2021-03-03 12:22:25.617668096+00:00,39.67334449434177,22.250793648640563,0.9375,6,4,2,4,2,0.5248448053995768,noa2021eiksz,84.22,11.5,30<|dt|<=120s
thessaly_2021,instance,128,2021-03-03 12:23:28.810607104+00:00,39.67345843268035,22.212971696247774,0.9375,6,4,2,4,2,0.5005743503570557,noa2021eikwk,-41.06,3.3,30<|dt|<=120s
thessaly_2021,instance,129,2021-03-03 12:23:49.808095488+00:00,39.74192502121849,22.175438985014214,10.3125,11,6,5,6,5,0.28476678241382947,noa2021eikwk,-20.06,5.0,5<|dt|<=30s
thessaly_2021,instance,131,2021-03-03 12:24:58.325947136+00:00,39.65636712571041,22.212890172724027,8.4375,7,4,3,4,3,0.32074785232543945,noa2021eikwk,48.46,5.2,30<|dt|<=120s
thessaly_2021,instance,132,2021-03-03 12:25:41.023517440+00:00,39.741971324396154,22.156509165122944,12.1875,11,6,5,6,5,0.4112838398326527,noa2021eikyd,-29.97,8.9,5<|dt|<=30s
thessaly_2021,instance,134,2021-03-03 12:27:25.545843968+00:00,39.65631172959143,22.231796517606927,2.8125,9,5,4,5,4,0.28720524575975204,noa2021eikyd,74.56,3.2,30<|dt|<=120s
thessaly_2021,instance,135,2021-03-03 12:28:07.184678144+00:00,39.70769330828291,22.19421456966796,10.3125,10,6,4,6,4,0.3700153350830078,noa2021eikyd,116.19,4.4,30<|dt|<=120s
thessaly_2021,instance,136,2021-03-03 12:28:31.854073344+00:00,39.70769330828291,22.19421456966796,8.4375,10,6,4,6,4,0.33058915138244627,noa2021eikyd,140.86,4.4,|dt|>120s
thessaly_2021,instance,137,2021-03-03 12:29:09.584597248+00:00,39.724963426272616,22.118590970528768,0.9375,7,4,3,4,3,0.1754720892224993,noa2021eilcs,-139.34,11.1,|dt|>120s
thessaly_2021,instance,138,2021-03-03 12:29:26.896752896+00:00,39.70783205039382,22.137453146345806,4.6875,9,6,3,6,3,0.3505792087978787,noa2021eilcs,-122.03,8.6,|dt|>120s
thessaly_2021,instance,139,2021-03-03 12:29:57.169557504+00:00,39.75910571015654,22.13764246199223,0.9375,10,6,4,6,4,0.39837567806243895,noa2021eilcs,-91.76,13.5,30<|dt|<=120s
thessaly_2021,instance,140,2021-03-03 12:30:15.185845504+00:00,39.75910571015654,22.13764246199223,0.9375,12,6,6,6,6,0.6216892798741659,noa2021eilcs,-73.74,13.5,30<|dt|<=120s
thessaly_2021,instance,142,2021-03-03 12:32:26.762273024+00:00,39.70769330828291,22.19421456966796,6.5625,7,4,3,4,3,0.24542961801801408,noa2021eildy,-30.24,7.2,30<|dt|<=120s
thessaly_2021,instance,146,2021-03-03 12:37:01.057381632+00:00,39.724617905378224,22.2510666332959,2.8125,8,5,3,5,3,0.6654306054115295,noa2021eilia,-40.75,11.8,30<|dt|<=120s
thessaly_2021,instance,148,2021-03-03 12:38:13.573369856+00:00,39.70774263870278,22.175294139366788,10.3125,6,4,2,4,2,0.13842578728993735,noa2021eilia,31.77,9.8,30<|dt|<=120s
thessaly_2021,instance,149,2021-03-03 12:38:50.176282112+00:00,39.72488013052004,22.156441385652094,6.5625,8,6,2,6,2,0.14405864477157593,noa2021eilia,68.37,12.1,30<|dt|<=120s
thessaly_2021,instance,150,2021-03-03 12:39:32.941010432+00:00,39.6395771900147,22.08049562567984,0.9375,6,4,2,4,2,0.493574857711792,noa2021eilia,111.14,11.0,30<|dt|<=120s
thessaly_2021,instance,151,2021-03-03 12:42:08.030285568+00:00,39.742054670381556,22.11864940141762,0.9375,6,4,2,4,2,0.2354495127995809,noa2021eilnu,-136.73,6.5,|dt|>120s
thessaly_2021,instance,152,2021-03-03 12:42:23.802246912+00:00,39.7591458639457,22.11870788215997,0.9375,11,6,5,6,5,0.4713055437261408,noa2021eilnu,-120.96,7.9,|dt|>120s
thessaly_2021,instance,153,2021-03-03 12:43:49.134529280+00:00,39.69054968905972,22.213053289301,6.5625,6,4,2,4,2,0.15227297941843668,noa2021eilnu,-35.63,3.4,30<|dt|<=120s
thessaly_2021,instance,155,2021-03-03 12:45:08.888825856+00:00,39.742014540790414,22.137579302952197,6.5625,8,5,3,5,3,0.1529795527458191,noa2021eilnu,44.13,5.4,30<|dt|<=120s
thessaly_2021,instance,156,2021-03-03 12:45:53.335098624+00:00,39.67351078294197,22.19406064234911,0.9375,8,6,2,6,2,0.19726714491844177,noa2021eilpx,-59.56,14.5,30<|dt|<=120s
thessaly_2021,instance,158,2021-03-03 12:47:20.125194496+00:00,39.70790912975339,22.09961199616744,17.8125,7,5,2,5,2,0.3784392901829311,noa2021eilpx,27.23,8.0,5<|dt|<=30s
thessaly_2021,instance,159,2021-03-03 12:47:54.899404544+00:00,39.742054670381556,22.11864940141762,0.9375,8,5,3,5,3,0.39677098393440247,noa2021eilrl,-26.86,3.5,5<|dt|<=30s
thessaly_2021,instance,161,2021-03-03 12:49:27.365029120+00:00,39.72492332086769,22.137516197753712,8.4375,10,6,4,6,4,0.36461582183837893,noa2021eilrl,65.61,4.6,30<|dt|<=120s
thessaly_2021,instance,162,2021-03-03 12:50:00.404035840+00:00,39.741971324396154,22.156509165122944,2.8125,12,6,6,6,6,0.6592071255048116,noa2021eilrl,98.65,2.8,30<|dt|<=120s
thessaly_2021,instance,163,2021-03-03 12:50:25.124973824+00:00,39.70774263870278,22.175294139366788,6.5625,7,5,2,5,2,0.20443119321550643,noa2021eilrl,123.37,6.9,|dt|>120s
thessaly_2021,instance,164,2021-03-03 12:51:05.343356160+00:00,39.62218436002141,22.212727334002278,0.9375,8,6,2,6,2,0.31263241171836853,noa2021eilvk,-130.54,15.7,|dt|>120s
thessaly_2021,instance,165,2021-03-03 12:51:28.919204096+00:00,39.742054670381556,22.11864940141762,6.5625,10,6,4,6,4,0.17541208267211914,noa2021eilvk,-106.97,5.9,30<|dt|<=120s
thessaly_2021,instance,166,2021-03-03 12:51:39.542910208+00:00,39.53595123345206,22.419930374220815,0.9375,8,3,5,5,3,0.8799750506877899,noa2021eilvk,-96.34,32.2,30<|dt|<=120s
thessaly_2021,instance,168,2021-03-03 12:54:05.981875712+00:00,39.74212566908288,22.080789491919763,0.9375,6,4,2,4,2,0.3706354300181071,noa2021eilwr,-39.03,9.4,30<|dt|<=120s
thessaly_2021,instance,170,2021-03-03 12:55:52.447426048+00:00,39.75918292905217,22.09977326584501,8.4375,9,6,3,6,3,0.3545283211602105,noa2021eilwr,67.44,7.0,30<|dt|<=120s
thessaly_2021,instance,171,2021-03-03 12:56:28.920534016+00:00,39.7763080913059,22.080887781928876,0.9375,10,6,4,6,4,0.2221764087677002,noa2021eilwr,103.91,6.8,30<|dt|<=120s
thessaly_2021,instance,172,2021-03-03 12:57:31.843854848+00:00,39.72488013052004,22.156441385652094,8.4375,9,6,3,6,3,0.2766816086239285,noa2021eimbe,-147.87,4.5,|dt|>120s
thessaly_2021,instance,173,2021-03-03 12:58:36.071736064+00:00,39.65651484943276,22.15617084497043,0.9375,9,5,4,6,3,0.46550920274522567,noa2021eimbe,-83.64,6.5,30<|dt|<=120s
thessaly_2021,instance,174,2021-03-03 12:59:23.949592576+00:00,39.72488013052004,22.156441385652094,8.4375,8,5,3,5,3,0.363361656665802,noa2021eimbe,-35.77,4.5,30<|dt|<=120s
thessaly_2021,instance,176,2021-03-03 13:00:25.840991232+00:00,39.70764089484295,22.213134951949502,6.5625,11,6,5,6,5,0.433249213478782,noa2021eimbe,26.13,1.1,5<|dt|<=30s
thessaly_2021,instance,177,2021-03-03 13:01:29.187129088+00:00,39.81045627349676,22.099934948702778,0.9375,6,3,3,4,2,0.3938899040222168,noa2021eimdo,-78.07,20.5,30<|dt|<=120s
thessaly_2021,instance,178,2021-03-03 13:01:42.208677888+00:00,39.70769330828291,22.19421456966796,10.3125,8,5,3,5,3,0.28773725032806396,noa2021eimdo,-65.05,6.8,30<|dt|<=120s
thessaly_2021,instance,180,2021-03-03 13:03:42.611751680+00:00,39.58769437955307,22.30700296788391,0.9375,6,4,2,4,2,0.4306037823359172,noa2021eimdo,55.35,10.4,30<|dt|<=120s
thessaly_2021,instance,181,2021-03-03 13:04:19.647111680+00:00,39.69054968905972,22.213053289301,6.5625,8,5,3,5,3,0.2174816131591797,noa2021eimdo,92.39,4.7,30<|dt|<=120s
thessaly_2021,instance,182,2021-03-03 13:06:40.628126976+00:00,39.69049422607884,22.23196895452139,4.6875,9,5,4,5,4,0.5751411385006375,noa2021eimhn,-32.14,1.8,30<|dt|<=120s
thessaly_2021,instance,188,2021-03-03 13:11:08.114848+00:00,39.67389879496709,21.967125087842156,15.9375,7,4,3,4,3,0.418515818459647,noa2021eimjd,110.85,19.2,30<|dt|<=120s
thessaly_2021,instance,189,2021-03-03 13:12:03.897085440+00:00,39.69065137158436,22.175221809123098,0.9375,6,4,2,4,2,0.3129655917485555,noa2021eimnt,-157.34,8.9,|dt|>120s
thessaly_2021,instance,190,2021-03-03 13:12:16.278611968+00:00,40.42443924736045,22.465182627636214,38.4375,7,4,3,5,2,0.35652181080409456,noa2021eimnt,-144.96,85.1,|dt|>120s
thessaly_2021,instance,191,2021-03-03 13:12:36.251921408+00:00,39.63973712996036,21.92927889365988,47.8125,6,3,3,4,2,0.15711994965871176,noa2021eimnt,-124.98,29.9,|dt|>120s
thessaly_2021,instance,192,2021-03-03 13:13:20.125554432+00:00,39.67334449434177,22.250793648640563,6.5625,9,4,5,5,4,0.30787046750386554,noa2021eimnt,-81.11,2.2,30<|dt|<=120s
thessaly_2021,instance,193,2021-03-03 13:13:40.278611456+00:00,39.65631172959143,22.231796517606927,8.4375,8,4,4,4,4,0.2586217224597931,noa2021eimnt,-60.96,4.2,30<|dt|<=120s
thessaly_2021,instance,194,2021-03-03 13:14:01.731703552+00:00,39.724963426272616,22.118590970528768,0.9375,8,5,3,5,3,0.6054427325725555,noa2021eimnt,-39.5,14.7,30<|dt|<=120s
thessaly_2021,instance,198,2021-03-03 13:16:29.576475648+00:00,39.65636712571041,22.212890172724027,10.3125,7,4,3,4,3,0.26411921637398855,noa2021eimpk,-7.62,6.8,5<|dt|<=30s
thessaly_2021,instance,199,2021-03-03 13:17:36.484815104+00:00,39.72492332086769,22.137516197753712,12.1875,10,6,4,6,4,0.30654010772705076,noa2021eimqv,-39.74,5.2,30<|dt|<=120s
thessaly_2021,instance,201,2021-03-03 13:19:07.618402560+00:00,40.61165169950263,22.601018715563033,55.3125,7,5,2,5,2,0.305926901953561,noa2021eimrp,-2.76,99.7,"|dt|<=5s, dist>30km"
thessaly_2021,instance,202,2021-03-03 13:19:25.445629440+00:00,39.724833855249344,22.175366531311013,0.9375,6,3,3,4,2,0.40560118357340497,noa2021eimsa,-12.45,4.2,5<|dt|<=30s
thessaly_2021,instance,206,2021-03-03 13:22:46.611395840+00:00,39.67321823909104,22.288615374464563,21.5625,6,4,2,4,2,0.6145809491475424,noa2021eimty,53.02,9.7,30<|dt|<=120s
thessaly_2021,instance,207,2021-03-03 13:24:12.297457408+00:00,39.72492332086769,22.137516197753712,2.8125,7,5,2,5,2,0.2678884097508022,noa2021eimwd,-14.17,7.1,5<|dt|<=30s
thessaly_2021,instance,209,2021-03-03 13:25:14.294242304+00:00,39.810521254978205,22.062037500093886,17.8125,8,6,2,6,2,0.600919246673584,noa2021eimwd,47.82,15.8,30<|dt|<=120s
thessaly_2021,instance,210,2021-03-03 13:25:52.398933504+00:00,39.7591458639457,22.11870788215997,4.6875,6,4,2,4,2,0.18183112144470215,noa2021eimwd,85.93,10.1,30<|dt|<=120s
thessaly_2021,quakescope2026,2,2021-03-03 10:28:34.948701184+00:00,40.75058830463712,21.833990664200037,12.1875,6,3,3,4,2,0.2756417592366536,noa2021eiham,56.22,115.0,30<|dt|<=120s
thessaly_2021,quakescope2026,4,2021-03-03 10:31:13.495974656+00:00,39.70769330828291,22.19421456966796,6.5625,7,5,2,5,2,0.2723508221762521,noa2021eihcx,43.35,10.2,30<|dt|<=120s
thessaly_2021,quakescope2026,5,2021-03-03 10:31:40.476520448+00:00,39.639035864158195,22.288415147928227,2.8125,6,4,2,4,2,0.08303459485371907,noa2021eihcx,70.33,20.6,30<|dt|<=120s
thessaly_2021,quakescope2026,10,2021-03-03 10:39:43.356278272+00:00,40.08101977138331,22.728569283621603,8.4375,6,3,3,4,2,0.7538481950759888,noa2021eihmo,-121.43,65.0,|dt|>120s
thessaly_2021,quakescope2026,11,2021-03-03 10:40:21.674919168+00:00,39.69054968905972,22.213053289301,6.5625,11,6,5,6,5,0.4906272888183594,noa2021eihmo,-83.12,10.2,30<|dt|<=120s
thessaly_2021,quakescope2026,13,2021-03-03 10:42:36.021188608+00:00,39.69049422607884,22.23196895452139,6.5625,10,6,4,6,4,0.43470852375030516,noa2021eihmo,51.23,11.6,30<|dt|<=120s
thessaly_2021,quakescope2026,14,2021-03-03 10:44:01.364562176+00:00,39.67345843268035,22.212971696247774,0.9375,9,4,5,5,4,0.7751776112450494,noa2021eihmo,136.57,11.3,|dt|>120s
thessaly_2021,quakescope2026,15,2021-03-03 10:44:53.004431360+00:00,39.74212566908288,22.080789491919763,0.9375,8,4,4,5,3,0.5685136616230011,noa2021eihmo,188.21,2.6,|dt|>120s
thessaly_2021,quakescope2026,16,2021-03-03 10:46:58.545012480+00:00,39.67345843268035,22.212971696247774,0.9375,6,3,3,4,2,0.5349794626235962,noa2021eihst,-118.23,11.9,30<|dt|<=120s
thessaly_2021,quakescope2026,17,2021-03-03 10:47:38.474259968+00:00,39.70783205039382,22.137453146345806,0.9375,7,5,2,5,2,0.1459623404911586,noa2021eihst,-78.3,5.5,30<|dt|<=120s
thessaly_2021,quakescope2026,18,2021-03-03 10:48:12.591023104+00:00,39.74182315459857,22.21329848629594,14.0625,9,5,4,5,4,0.4372674624125163,noa2021eihst,-44.18,7.7,30<|dt|<=120s
thessaly_2021,quakescope2026,19,2021-03-03 10:48:33.493093632+00:00,39.707788886080095,22.156373663956042,14.0625,8,4,4,4,4,0.16468021273612976,noa2021eihst,-23.28,6.0,5<|dt|<=30s
thessaly_2021,quakescope2026,21,2021-03-03 10:50:36.066625792+00:00,39.690602070902834,22.194137573199157,4.6875,6,3,3,4,2,0.16512048244476318,noa2021eihst,99.29,9.4,30<|dt|<=120s
thessaly_2021,quakescope2026,22,2021-03-03 10:51:01.396331776+00:00,39.724963426272616,22.118590970528768,0.9375,7,4,3,4,3,0.3884504863194057,noa2021eihst,124.62,3.5,|dt|>120s
thessaly_2021,quakescope2026,23,2021-03-03 10:51:22.280438016+00:00,39.673403003138546,22.231882699313072,0.9375,10,5,5,6,4,0.5691417932510376,noa2021eihst,145.51,13.0,|dt|>120s
thessaly_2021,quakescope2026,24,2021-03-03 10:51:38.933540608+00:00,40.015217839274776,22.23362186197792,44.0625,6,3,3,4,2,0.4001903533935547,noa2021eihxg,-154.02,26.6,|dt|>120s
thessaly_2021,quakescope2026,25,2021-03-03 10:52:26.581845504+00:00,39.67321823909104,22.288615374464563,8.4375,6,3,3,3,3,0.6111248731613159,noa2021eihxg,-106.37,13.6,30<|dt|<=120s
thessaly_2021,quakescope2026,29,2021-03-03 10:57:55.790191616+00:00,39.673403003138546,22.231882699313072,4.6875,7,5,2,5,2,0.17997687203543528,noa2021eihzv,43.13,12.8,30<|dt|<=120s
thessaly_2021,quakescope2026,30,2021-03-03 10:58:50.442918656+00:00,39.7591458639457,22.11870788215997,0.9375,10,6,4,6,4,0.46468517780303953,noa2021eihzv,97.79,1.1,30<|dt|<=120s
thessaly_2021,quakescope2026,31,2021-03-03 10:59:28.010805760+00:00,39.72478449507665,22.194291631817638,6.5625,7,4,3,4,3,0.30276788984026226,noa2021eihzv,135.35,6.9,|dt|>120s
thessaly_2021,quakescope2026,32,2021-03-03 10:59:59.150991872+00:00,39.67345843268035,22.212971696247774,2.8125,8,4,4,5,3,0.6842843294143677,noa2021eihzv,166.49,11.6,|dt|>120s
thessaly_2021,quakescope2026,33,2021-03-03 11:00:30.916897280+00:00,39.63922040544314,22.231710409333502,10.3125,9,5,4,5,4,0.27250803841484916,noa2021eihzv,198.26,15.5,|dt|>120s
thessaly_2021,quakescope2026,34,2021-03-03 11:01:54.307893248+00:00,39.65641944440591,22.1939837770558,4.6875,9,5,4,5,4,0.3978927930196126,noa2021eihzv,281.65,12.1,|dt|>120s
thessaly_2021,quakescope2026,35,2021-03-03 11:02:30.668973568+00:00,39.74187563127846,22.194368759710404,6.5625,10,6,4,6,4,0.5549843788146973,noa2021eiihy,-249.74,1.7,|dt|>120s
thessaly_2021,quakescope2026,36,2021-03-03 11:03:05.951913472+00:00,38.95600937259376,21.79778720203306,59.0625,7,5,2,5,2,0.5724809850965228,noa2021eiihy,-214.46,92.6,|dt|>120s
thessaly_2021,quakescope2026,37,2021-03-03 11:04:40.933844736+00:00,38.6308942862415,21.593191545270656,59.0625,6,4,2,4,2,0.2770703236262004,noa2021eiihy,-119.48,132.8,30<|dt|<=120s
thessaly_2021,quakescope2026,38,2021-03-03 11:05:24.785388800+00:00,39.69054968905972,22.213053289301,12.1875,6,3,3,4,2,0.1801182428995768,noa2021eiihy,-75.62,4.2,30<|dt|<=120s
thessaly_2021,quakescope2026,40,2021-03-03 11:07:11.899933184+00:00,39.707788886080095,22.156373663956042,10.3125,7,4,3,4,3,0.1274899414607457,noa2021eiihy,31.49,4.6,30<|dt|<=120s
thessaly_2021,quakescope2026,41,2021-03-03 11:09:06.512238080+00:00,39.70752681899944,22.250975560813757,6.5625,9,5,4,5,4,0.5735125806596544,noa2021eiihy,146.1,4.7,|dt|>120s
thessaly_2021,quakescope2026,42,2021-03-03 11:10:23.205925120+00:00,39.742014540790414,22.137579302952197,8.4375,9,6,3,6,3,0.2163671917385525,noa2021eiimh,-81.4,3.0,30<|dt|<=120s
thessaly_2021,quakescope2026,43,2021-03-03 11:11:20.034247168+00:00,39.70764089484295,22.213134951949502,6.5625,10,5,5,5,5,0.4085767030715942,noa2021eiimh,-24.58,4.6,5<|dt|<=30s
thessaly_2021,quakescope2026,46,2021-03-03 11:12:49.574220032+00:00,39.707788886080095,22.156373663956042,0.9375,7,4,3,4,3,0.2694880281175886,noa2021eiind,27.2,9.0,5<|dt|<=30s
thessaly_2021,quakescope2026,47,2021-03-03 11:14:26.041191424+00:00,39.55286151373765,22.45781772600782,0.9375,7,5,2,5,2,0.9435264383043561,noa2021eiioq,-2.1,42.7,"|dt|<=5s, dist>30km"
thessaly_2021,quakescope2026,49,2021-03-03 11:16:29.933769984+00:00,39.776274094413644,22.099827114163993,4.6875,7,5,2,5,2,0.3029348850250244,noa2021eiipn,58.4,16.0,30<|dt|<=120s
thessaly_2021,quakescope2026,50,2021-03-03 11:16:52.519561728+00:00,39.70769330828291,22.19421456966796,8.4375,9,5,4,6,3,0.5250293413798014,noa2021eiipn,80.98,5.1,30<|dt|<=120s
thessaly_2021,quakescope2026,51,2021-03-03 11:17:18.091991552+00:00,39.690602070902834,22.194137573199157,6.5625,8,5,3,5,3,0.2505541145801544,noa2021eiiso,-103.95,6.5,30<|dt|<=120s
thessaly_2021,quakescope2026,54,2021-03-03 11:21:55.190471680+00:00,39.519965628436104,22.06128513119715,0.9375,6,4,2,4,2,0.42344268163045246,noa2021eiiuk,42.19,24.2,30<|dt|<=120s
thessaly_2021,quakescope2026,55,2021-03-03 11:22:29.112025600+00:00,39.60471504867101,22.32599952258401,0.9375,6,3,3,4,2,0.6184463500976562,noa2021eiiwh,-53.94,23.6,30<|dt|<=120s
thessaly_2021,quakescope2026,56,2021-03-03 11:22:44.925452032+00:00,39.6732829063166,22.26970454132584,12.1875,6,3,3,4,2,0.37586601575215656,noa2021eiiwh,-38.13,14.9,30<|dt|<=120s
thessaly_2021,quakescope2026,60,2021-03-03 11:26:12.831081984+00:00,39.74045880843214,22.535093652410563,0.9375,6,3,3,4,2,0.4507414897282918,noa2021eiiyc,43.03,27.3,30<|dt|<=120s
thessaly_2021,quakescope2026,62,2021-03-03 11:30:33.706228736+00:00,39.69054968905972,22.213053289301,4.6875,8,5,3,5,3,0.2776932716369629,noa2021eijdw,-98.66,6.6,30<|dt|<=120s
thessaly_2021,quakescope2026,63,2021-03-03 11:31:04.873966848+00:00,39.72488013052004,22.156441385652094,8.4375,8,5,3,5,3,0.3498425781726837,noa2021eijdw,-67.49,9.1,30<|dt|<=120s
thessaly_2021,quakescope2026,68,2021-03-03 11:38:50.374045184+00:00,39.70787213162433,22.118532589446215,6.5625,10,6,4,6,4,0.3669287204742432,noa2021eijky,-113.03,4.7,30<|dt|<=120s
thessaly_2021,quakescope2026,70,2021-03-03 11:42:31.837455616+00:00,39.5882684966773,22.099237300489108,10.3125,9,6,3,6,3,0.3637736638387044,noa2021eijmp,7.61,40.7,5<|dt|<=30s
thessaly_2021,quakescope2026,71,2021-03-03 11:43:28.052956672+00:00,39.70764089484295,22.213134951949502,10.3125,9,6,3,6,3,0.5355877346462674,noa2021eijmp,63.83,25.9,30<|dt|<=120s
thessaly_2021,quakescope2026,72,2021-03-03 11:43:42.478560256+00:00,39.72488013052004,22.156441385652094,14.0625,6,3,3,4,2,0.07904255390167236,noa2021eijmp,78.25,29.9,30<|dt|<=120s
thessaly_2021,quakescope2026,74,2021-03-03 11:47:00.385271040+00:00,39.69054968905972,22.213053289301,4.6875,6,4,2,4,2,0.18793833255767822,noa2021eijpm,74.4,3.1,30<|dt|<=120s
thessaly_2021,quakescope2026,75,2021-03-03 11:48:38.920992256+00:00,39.7591458639457,22.11870788215997,2.8125,8,5,3,5,3,0.21629726886749268,noa2021eijsi,-25.0,15.0,5<|dt|<=30s
thessaly_2021,quakescope2026,79,2021-03-03 11:53:30.073768448+00:00,39.69065137158436,22.175221809123098,0.9375,9,6,3,6,3,0.31158094935946995,noa2021eijvi,54.17,4.3,30<|dt|<=120s
thessaly_2021,quakescope2026,80,2021-03-03 11:53:46.137887488+00:00,39.81037891486066,22.137832262672344,0.9375,7,3,4,4,3,0.7391928264072963,noa2021eijvi,70.24,13.9,30<|dt|<=120s
thessaly_2021,quakescope2026,81,2021-03-03 11:55:01.984681728+00:00,39.70764089484295,22.213134951949502,6.5625,9,5,4,5,4,0.5675364335378011,noa2021eijyc,-45.73,8.3,30<|dt|<=120s
thessaly_2021,quakescope2026,83,2021-03-03 11:56:16.446564352+00:00,39.65631172959143,22.231796517606927,6.5625,6,3,3,4,2,0.09956308205922444,noa2021eijyc,28.73,12.5,5<|dt|<=30s
thessaly_2021,quakescope2026,84,2021-03-03 11:57:11.296862720+00:00,39.75910571015654,22.13764246199223,0.9375,8,5,3,5,3,0.4614129066467285,noa2021eijzw,-38.62,12.6,30<|dt|<=120s
thessaly_2021,quakescope2026,87,2021-03-03 12:00:50.924107264+00:00,39.67356005389963,22.175149540521595,0.9375,11,6,5,6,5,0.4630401134490967,noa2021eikay,103.89,4.9,30<|dt|<=120s
thessaly_2021,quakescope2026,88,2021-03-03 12:01:09.076467200+00:00,39.63910045341723,22.26951362686447,0.9375,6,3,3,4,2,0.28834513823191327,noa2021eikdy,-88.53,17.8,30<|dt|<=120s
thessaly_2021,quakescope2026,90,2021-03-03 12:04:19.551094016+00:00,39.62194460071451,22.288315162588074,0.9375,6,4,2,4,2,0.08512357870737712,noa2021eikdy,101.95,20.2,30<|dt|<=120s
thessaly_2021,quakescope2026,91,2021-03-03 12:05:16.202418688+00:00,39.69054968905972,22.213053289301,8.4375,8,5,3,5,3,0.12530410289764404,noa2021eikhu,-107.86,4.9,30<|dt|<=120s
thessaly_2021,quakescope2026,92,2021-03-03 12:06:19.865225216+00:00,39.673403003138546,22.231882699313072,6.5625,7,4,3,4,3,0.1893902506147112,noa2021eikhu,-44.2,7.3,30<|dt|<=120s
thessaly_2021,quakescope2026,95,2021-03-03 12:09:15.974328064+00:00,39.72488013052004,22.156441385652094,0.9375,6,4,2,4,2,0.2573796510696411,noa2021eikht,66.6,5.8,30<|dt|<=120s
thessaly_2021,quakescope2026,96,2021-03-03 12:10:03.201069056+00:00,39.70752681899944,22.250975560813757,4.6875,6,4,2,4,2,0.12926316261291504,noa2021eikht,113.82,13.9,30<|dt|<=120s
thessaly_2021,quakescope2026,97,2021-03-03 12:11:01.355178240+00:00,39.74187563127846,22.194368759710404,4.6875,10,6,4,6,4,0.6753279209136963,noa2021eikmc,-67.13,5.4,30<|dt|<=120s
thessaly_2021,quakescope2026,98,2021-03-03 12:11:41.426144256+00:00,39.622070627689595,22.250521361258894,14.0625,6,3,3,4,2,0.15696601072947183,noa2021eikmc,-27.05,15.1,5<|dt|<=30s
thessaly_2021,quakescope2026,99,2021-03-03 12:13:31.202959104+00:00,40.10026511325135,22.348232604327723,59.0625,6,3,3,4,2,0.20977131525675455,noa2021eikmc,82.72,45.5,30<|dt|<=120s
thessaly_2021,quakescope2026,100,2021-03-03 12:14:28.773614848+00:00,39.46740558754805,22.457112776581052,0.9375,6,4,2,4,2,0.8824424743652344,noa2021eikmc,140.29,39.8,|dt|>120s
thessaly_2021,quakescope2026,101,2021-03-03 12:15:24.519873024+00:00,39.69054968905972,22.213053289301,4.6875,10,6,4,6,4,0.3551835536956787,noa2021eikqg,-93.85,4.4,30<|dt|<=120s
thessaly_2021,quakescope2026,102,2021-03-03 12:16:18.877948672+00:00,39.63932805530027,22.193906977257267,0.9375,9,5,4,6,3,0.9599997202555338,noa2021eikqg,-39.49,3.7,30<|dt|<=120s
thessaly_2021,quakescope2026,104,2021-03-03 12:17:59.188001792+00:00,39.690602070902834,22.194137573199157,0.9375,10,6,4,6,4,0.43583581447601316,noa2021eikqg,60.82,3.2,30<|dt|<=120s
thessaly_2021,quakescope2026,105,2021-03-03 12:18:45.119137536+00:00,39.72488013052004,22.156441385652094,2.8125,8,5,3,6,2,0.5508011877536774,noa2021eikta,-84.46,10.0,30<|dt|<=120s
thessaly_2021,quakescope2026,106,2021-03-03 12:19:06.694300672+00:00,39.69054968905972,22.213053289301,10.3125,6,3,3,4,2,0.1625866492589315,noa2021eikta,-62.89,4.4,30<|dt|<=120s
thessaly_2021,quakescope2026,109,2021-03-03 12:21:40.096472832+00:00,39.72488013052004,22.156441385652094,6.5625,9,6,3,6,3,0.19929061995612252,noa2021eiksz,38.7,2.4,30<|dt|<=120s
thessaly_2021,quakescope2026,110,2021-03-03 12:22:25.472090368+00:00,39.67345843268035,22.212971696247774,6.5625,6,4,2,4,2,0.09763594468434651,noa2021eiksz,84.08,8.7,30<|dt|<=120s
thessaly_2021,quakescope2026,111,2021-03-03 12:23:49.879121664+00:00,39.74192502121849,22.175438985014214,10.3125,9,5,4,5,4,0.27608095275031197,noa2021eikwk,-19.99,5.0,5<|dt|<=30s
thessaly_2021,quakescope2026,113,2021-03-03 12:24:59.044533504+00:00,39.70774263870278,22.175294139366788,6.5625,6,3,3,3,3,0.12921432654062906,noa2021eikwk,49.18,2.6,30<|dt|<=120s
thessaly_2021,quakescope2026,114,2021-03-03 12:27:25.279737600+00:00,39.70774263870278,22.175294139366788,6.5625,7,4,3,4,3,0.23387854439871653,noa2021eikyd,74.29,4.8,30<|dt|<=120s
thessaly_2021,quakescope2026,115,2021-03-03 12:28:07.446043392+00:00,39.72478449507665,22.194291631817638,8.4375,10,6,4,6,4,0.5260632276535034,noa2021eikyd,116.46,6.3,30<|dt|<=120s
thessaly_2021,quakescope2026,116,2021-03-03 12:28:32.567138048+00:00,39.72478449507665,22.194291631817638,4.6875,10,5,5,6,4,0.6918343782424927,noa2021eikyd,141.58,6.3,|dt|>120s
thessaly_2021,quakescope2026,117,2021-03-03 12:29:05.284885504+00:00,39.720953277195854,22.87554061107129,59.0625,7,5,2,5,2,0.5093874250139508,noa2021eilcs,-143.64,58.0,|dt|>120s
thessaly_2021,quakescope2026,118,2021-03-03 12:29:57.285722624+00:00,39.75901613660472,22.175511500534906,0.9375,10,6,4,6,4,0.6316967010498047,noa2021eilcs,-91.64,12.4,30<|dt|<=120s
thessaly_2021,quakescope2026,119,2021-03-03 12:30:14.150343424+00:00,39.741971324396154,22.156509165122944,12.1875,7,4,3,5,2,0.14639936174665177,noa2021eilcs,-74.77,11.1,30<|dt|<=120s
thessaly_2021,quakescope2026,121,2021-03-03 12:32:33.453686784+00:00,39.58755008528935,22.34477781089702,0.9375,6,3,3,4,2,0.4169859091440837,noa2021eildy,-23.55,13.3,5<|dt|<=30s
thessaly_2021,quakescope2026,123,2021-03-03 12:33:42.708540160+00:00,39.69065137158436,22.175221809123098,6.5625,6,3,3,4,2,0.15329015254974365,noa2021eildy,45.7,8.7,30<|dt|<=120s
thessaly_2021,quakescope2026,126,2021-03-03 12:37:26.413829120+00:00,39.72488013052004,22.156441385652094,8.4375,6,3,3,3,3,0.12132227420806885,noa2021eilia,-15.39,12.1,5<|dt|<=30s
thessaly_2021,quakescope2026,128,2021-03-03 12:38:13.834403328+00:00,39.707788886080095,22.156373663956042,8.4375,6,4,2,4,2,0.13462305068969727,noa2021eilia,32.03,10.3,30<|dt|<=120s
thessaly_2021,quakescope2026,129,2021-03-03 12:39:30.373272064+00:00,39.79285495523664,22.289318862316627,0.9375,6,3,3,4,2,0.5732130209604899,noa2021eilia,108.57,20.1,30<|dt|<=120s
thessaly_2021,quakescope2026,130,2021-03-03 12:41:15.765012736+00:00,39.74212566908288,22.080789491919763,6.5625,6,4,2,4,2,0.20650871594746908,noa2021eilnu,-189.0,9.3,|dt|>120s
thessaly_2021,quakescope2026,131,2021-03-03 12:42:23.436892160+00:00,39.72488013052004,22.156441385652094,10.3125,8,4,4,5,3,0.3984352648258209,noa2021eilnu,-121.32,2.9,|dt|>120s
thessaly_2021,quakescope2026,132,2021-03-03 12:43:49.233693952+00:00,39.673403003138546,22.231882699313072,4.6875,6,4,2,4,2,0.16039899984995523,noa2021eilnu,-35.53,5.8,30<|dt|<=120s
thessaly_2021,quakescope2026,134,2021-03-03 12:45:08.525949696+00:00,39.7591458639457,22.11870788215997,8.4375,6,4,2,4,2,0.13993283112843832,noa2021eilnu,43.76,7.9,30<|dt|<=120s
thessaly_2021,quakescope2026,135,2021-03-03 12:45:53.401307904+00:00,39.69065137158436,22.175221809123098,0.9375,8,5,3,5,3,0.23696035146713257,noa2021eilpx,-59.49,12.0,30<|dt|<=120s
thessaly_2021,quakescope2026,137,2021-03-03 12:47:19.791091200+00:00,39.742184320370875,22.042929459955257,15.9375,6,4,2,4,2,0.27533912658691406,noa2021eilpx,26.9,6.1,5<|dt|<=30s
thessaly_2021,quakescope2026,138,2021-03-03 12:47:54.665410304+00:00,39.742014540790414,22.137579302952197,0.9375,7,5,2,5,2,0.37191769054957796,noa2021eilrl,-27.09,2.7,5<|dt|<=30s
thessaly_2021,quakescope2026,140,2021-03-03 12:49:27.300535552+00:00,39.72488013052004,22.156441385652094,10.3125,9,6,3,6,3,0.38629873593648273,noa2021eilrl,65.55,4.6,30<|dt|<=120s
thessaly_2021,quakescope2026,141,2021-03-03 12:49:57.955801088+00:00,39.65641944440591,22.1939837770558,15.9375,6,4,2,4,2,0.31931861241658527,noa2021eilrl,96.2,12.8,30<|dt|<=120s
thessaly_2021,quakescope2026,142,2021-03-03 12:50:37.696126976+00:00,39.67356005389963,22.175149540521595,0.9375,6,4,2,4,2,0.19492705663045248,noa2021eilrl,135.94,10.5,|dt|>120s
thessaly_2021,quakescope2026,143,2021-03-03 12:51:05.408556544+00:00,39.67356005389963,22.175149540521595,4.6875,7,4,3,4,3,0.5162740434919085,noa2021eilvk,-130.48,9.8,|dt|>120s
thessaly_2021,quakescope2026,144,2021-03-03 12:51:28.761186048+00:00,39.7763080913059,22.080887781928876,0.9375,9,5,4,5,4,0.45813483662075466,noa2021eilvk,-107.13,8.9,30<|dt|<=120s
thessaly_2021,quakescope2026,146,2021-03-03 12:54:04.895424512+00:00,39.63932805530027,22.193906977257267,15.9375,8,4,4,5,3,0.41243958473205566,noa2021eilwr,-40.11,19.4,30<|dt|<=120s
thessaly_2021,quakescope2026,148,2021-03-03 12:55:53.333902336+00:00,39.74209171315133,22.0997194634349,2.8125,6,3,3,4,2,0.37510355313618976,noa2021eilwr,68.33,8.6,30<|dt|<=120s
thessaly_2021,quakescope2026,149,2021-03-03 12:56:25.934516736+00:00,39.81045627349676,22.099934948702778,53.4375,6,3,3,4,2,0.2749825716018677,noa2021eilwr,100.93,4.1,30<|dt|<=120s
thessaly_2021,quakescope2026,150,2021-03-03 12:56:56.726924800+00:00,39.6732829063166,22.26970454132584,0.9375,8,4,4,4,4,0.7303034067153931,noa2021eilwr,131.72,18.4,|dt|>120s
thessaly_2021,quakescope2026,151,2021-03-03 12:57:23.638951936+00:00,39.8775824375643,21.303522900284158,0.9375,6,4,2,4,2,0.7274446487426758,noa2021eimbe,-156.08,79.1,|dt|>120s
thessaly_2021,quakescope2026,152,2021-03-03 12:58:36.313953280+00:00,39.554287393210906,21.872584026755938,6.5625,6,3,3,3,3,0.48797277609507245,noa2021eimbe,-83.4,32.6,30<|dt|<=120s
thessaly_2021,quakescope2026,154,2021-03-03 13:00:25.844600576+00:00,39.70769330828291,22.19421456966796,6.5625,10,6,4,6,4,0.3375027418136597,noa2021eimbe,26.13,0.8,5<|dt|<=30s
thessaly_2021,quakescope2026,155,2021-03-03 13:01:42.478191360+00:00,39.690602070902834,22.194137573199157,8.4375,7,4,3,5,2,0.38569324357169016,noa2021eimdo,-64.78,5.0,30<|dt|<=120s
thessaly_2021,quakescope2026,157,2021-03-03 13:03:40.499283968+00:00,39.67307966715775,22.32643685048525,19.6875,6,4,2,4,2,0.8176575899124146,noa2021eimdo,53.24,9.9,30<|dt|<=120s
thessaly_2021,quakescope2026,158,2021-03-03 13:04:19.540939264+00:00,39.673403003138546,22.231882699313072,6.5625,7,4,3,4,3,0.22845424924577987,noa2021eimdo,92.28,3.2,30<|dt|<=120s
thessaly_2021,quakescope2026,159,2021-03-03 13:05:50.546253056+00:00,39.65631172959143,22.231796517606927,12.1875,8,5,3,5,3,0.15083351731300354,noa2021eimhn,-82.22,3.4,30<|dt|<=120s
thessaly_2021,quakescope2026,160,2021-03-03 13:06:39.852529920+00:00,39.67334449434177,22.250793648640563,8.4375,7,3,4,4,3,0.34815982409885954,noa2021eimhn,-32.91,3.4,30<|dt|<=120s
thessaly_2021,quakescope2026,166,2021-03-03 13:10:19.080620032+00:00,39.67345843268035,22.212971696247774,0.9375,8,5,3,6,2,0.6654404997825623,noa2021eimjd,61.82,6.7,30<|dt|<=120s
thessaly_2021,quakescope2026,167,2021-03-03 13:11:08.280790784+00:00,39.62262392610271,21.967062250072313,19.6875,8,4,4,5,3,0.42637914419174194,noa2021eimjd,111.02,21.7,30<|dt|<=120s
thessaly_2021,quakescope2026,168,2021-03-03 13:11:38.827680256+00:00,39.604853286626955,22.288215262425908,0.9375,6,3,3,3,3,0.3117401599884033,noa2021eimjd,141.56,16.6,|dt|>120s
thessaly_2021,quakescope2026,169,2021-03-03 13:12:38.362123264+00:00,39.63970022063036,21.985985302264588,17.8125,6,4,2,4,2,0.13436460494995117,noa2021eimnt,-122.87,25.1,|dt|>120s
thessaly_2021,quakescope2026,170,2021-03-03 13:13:40.262208256+00:00,39.65641944440591,22.1939837770558,6.5625,6,3,3,3,3,0.4247979720433553,noa2021eimnt,-60.97,7.3,30<|dt|<=120s
thessaly_2021,quakescope2026,171,2021-03-03 13:14:01.896773120+00:00,39.707788886080095,22.156373663956042,4.6875,7,4,3,5,2,0.9563367707388741,noa2021eimnt,-39.34,11.0,30<|dt|<=120s
thessaly_2021,quakescope2026,176,2021-03-03 13:17:33.074984192+00:00,39.723951560229274,22.42138825580953,0.9375,8,5,3,5,3,0.6259853541851044,noa2021eimqv,-43.15,19.1,30<|dt|<=120s
thessaly_2021,quakescope2026,178,2021-03-03 13:18:52.014625536+00:00,39.742014540790414,22.137579302952197,12.1875,6,3,3,4,2,0.09263503551483154,noa2021eimrp,-18.37,5.0,5<|dt|<=30s
thessaly_2021,quakescope2026,179,2021-03-03 13:19:25.462759680+00:00,39.72492332086769,22.137516197753712,8.4375,7,3,4,5,2,0.32493369919913156,noa2021eimsa,-12.44,3.2,5<|dt|<=30s
thessaly_2021,quakescope2026,184,2021-03-03 13:25:52.001833728+00:00,39.72488013052004,22.156441385652094,12.1875,6,4,2,4,2,0.13386122385660806,noa2021eimwd,85.53,8.0,30<|dt|<=120s
samos_2020,jma_wc,1,2020-10-30 12:20:42.555663616+00:00,37.91126626377135,26.89354217793924,15.9375,8,5,3,6,2,0.27607375383377075,noa2020viqxp,92.83,38.5,30<|dt|<=120s
samos_2020,jma_wc,2,2020-10-30 12:29:12.656859136+00:00,37.911279432926605,26.917283034662784,0.9375,6,4,2,4,2,0.2638895511627197,noa2020virka,-249.78,21.9,|dt|>120s
samos_2020,jma_wc,3,2020-10-30 12:50:21.079265536+00:00,37.89915727041473,26.857949362842536,30.9375,6,3,3,4,2,0.21056413650512695,noa2020virtv,316.25,79.2,|dt|>120s
samos_2020,jma_wc,4,2020-10-30 12:56:34.754285312+00:00,37.850871817351816,26.905465902190983,12.1875,8,5,3,6,2,0.2770695388317108,noa2020vishe,-250.02,10.8,|dt|>120s
samos_2020,jma_wc,6,2020-10-30 13:12:32.053196032+00:00,37.92337166399804,26.976636190334162,0.9375,7,5,2,5,2,0.5228995595659528,noa2020viszt,-588.82,58.1,|dt|>120s
samos_2020,jma_wc,7,2020-10-30 13:15:25.211151104+00:00,37.88707698486525,26.857967785776804,30.9375,6,3,3,3,3,0.48585184415181476,noa2020viszt,-415.66,47.0,|dt|>120s
samos_2020,jma_wc,8,2020-10-30 13:26:00.227265024+00:00,37.88707698486525,26.857967785776804,6.5625,7,5,2,5,2,0.1866006851196289,noa2020viszt,219.36,47.0,|dt|>120s
samos_2020,jma_wc,9,2020-10-30 13:27:12.533156608+00:00,37.89914530365367,26.846080899317045,10.3125,6,4,2,4,2,0.17708118756612143,noa2020viszt,291.66,46.5,|dt|>120s
samos_2020,jma_wc,10,2020-10-30 13:32:53.421320704+00:00,38.00733692493189,26.59629454562161,44.0625,6,3,3,4,2,0.29771633942921955,noa2020viszt,632.55,37.0,|dt|>120s
samos_2020,jma_wc,11,2020-10-30 13:34:01.742862336+00:00,37.89915727041473,26.857949362842536,0.9375,7,5,2,5,2,0.20472128050667898,noa2020viszt,700.87,47.5,|dt|>120s
samos_2020,jma_wc,12,2020-10-30 13:34:59.250394880+00:00,37.887097319583994,27.059699146339995,14.0625,7,5,2,5,2,0.2703742640359061,noa2020viszt,758.38,63.8,|dt|>120s
samos_2020,jma_wc,13,2020-10-30 13:38:19.373179648+00:00,37.89836987298526,26.525637475433264,0.9375,6,4,2,4,2,0.22645246982574463,noa2020vitxq,-709.16,33.5,|dt|>120s
samos_2020,jma_wc,14,2020-10-30 13:52:16.779076608+00:00,37.88605070683069,26.46638020946245,30.9375,6,4,2,4,2,0.21195526917775473,noa2020vitxq,128.25,29.0,|dt|>120s
samos_2020,jma_wc,15,2020-10-30 13:57:34.089793024+00:00,37.89921112092916,26.976634249331575,0.9375,7,5,2,5,2,0.6470115525381905,noa2020viuda,95.1,13.8,30<|dt|<=120s
samos_2020,jma_wc,16,2020-10-30 14:01:06.831401472+00:00,37.85078102712422,26.81058018147148,0.9375,7,4,3,5,2,0.16951734679085867,noa2020viuge,59.13,59.2,30<|dt|<=120s
samos_2020,jma_wc,17,2020-10-30 14:02:18.750019840+00:00,37.88708775030197,26.869834316733606,0.9375,7,4,3,5,2,0.25912622043064665,noa2020viuge,131.05,64.9,|dt|>120s
samos_2020,jma_wc,18,2020-10-30 14:04:15.019981568+00:00,37.8629163391824,26.858004598627538,0.9375,8,5,3,5,3,0.20095351338386536,noa2020viuge,247.32,63.4,|dt|>120s
samos_2020,jma_wc,19,2020-10-30 14:10:49.579136256+00:00,37.887097319583994,26.881700853660004,0.9375,8,5,3,6,2,0.27381154894828796,noa2020viuto,-286.32,29.4,|dt|>120s
samos_2020,jma_wc,20,2020-10-30 14:19:23.677219328+00:00,37.88649924836493,26.58504083661524,0.9375,6,4,2,4,2,0.12276268005371094,noa2020viuto,227.78,14.0,|dt|>120s
samos_2020,jma_wc,21,2020-10-30 14:22:18.023302656+00:00,37.88703751164743,26.822368235746882,30.9375,7,4,3,5,2,0.60858382497515,noa2020vivcl,-186.09,33.8,|dt|>120s
samos_2020,jma_wc,23,2020-10-30 14:34:36.478769920+00:00,37.89915727041473,26.857949362842536,0.9375,8,5,3,5,3,0.28593483567237854,noa2020vivrg,-537.79,36.8,|dt|>120s
samos_2020,jma_wc,24,2020-10-30 14:41:01.691090176+00:00,37.92331776691683,26.857912483921126,19.6875,7,5,2,5,2,0.34641994748796734,noa2020vivrg,-152.58,37.8,|dt|>120s
samos_2020,jma_wc,25,2020-10-30 14:44:36.402689280+00:00,37.886987273120624,26.786768764725803,0.9375,7,5,2,5,2,0.20509559767586844,noa2020vivrg,62.13,30.5,30<|dt|<=120s
samos_2020,jma_wc,27,2020-10-30 14:49:50.604523520+00:00,37.875050478431255,26.976632310648007,17.8125,7,5,2,5,2,0.47619172504970003,noa2020vivtp,223.64,12.4,|dt|>120s
samos_2020,jma_wc,28,2020-10-30 14:50:44.687121664+00:00,37.88713081210754,26.9766332797001,21.5625,6,4,2,4,2,0.27480947971343994,noa2020viwas,-207.28,33.1,|dt|>120s
samos_2020,instance,0,2020-10-30 12:13:28.577602560+00:00,37.886100942976164,27.463153850538983,0.9375,6,3,3,3,3,0.5521513223648071,noa2020viqwf,-230.15,85.9,|dt|>120s
samos_2020,instance,1,2020-10-30 12:20:42.893677568+00:00,37.91123753109945,26.857930928892987,0.9375,7,5,2,5,2,0.27668837138584684,noa2020viqxp,93.16,35.7,30<|dt|<=120s
samos_2020,instance,3,2020-10-30 12:29:12.228268800+00:00,37.89920394085209,26.929160259598255,0.9375,7,5,2,5,2,0.3056433882032122,noa2020virka,-250.21,21.8,|dt|>120s
samos_2020,instance,4,2020-10-30 12:29:49.853574144+00:00,37.93544830354384,26.941014193230185,21.5625,8,6,2,6,2,0.2898807227611542,noa2020virka,-212.58,25.2,|dt|>120s
samos_2020,instance,5,2020-10-30 12:34:41.475027200+00:00,37.874996674453605,26.8579861977028,8.4375,6,4,2,4,2,0.18430344263712564,noa2020virka,79.04,15.3,30<|dt|<=120s
samos_2020,instance,6,2020-10-30 12:41:33.022556416+00:00,37.88713081210754,26.9766332797001,0.9375,7,5,2,5,2,0.3230008397783552,noa2020virtv,-211.8,89.6,|dt|>120s
samos_2020,instance,7,2020-10-30 12:42:56.604516352+00:00,37.959611092858786,26.952882681774458,14.0625,6,4,2,4,2,0.08533775806427002,noa2020virtv,-128.22,87.2,|dt|>120s
samos_2020,instance,8,2020-10-30 12:44:56.443303680+00:00,37.78884489627786,26.3485347844172,59.0625,7,5,2,5,2,0.6240346091134208,noa2020virtv,-8.38,38.8,5<|dt|<=30s
samos_2020,instance,9,2020-10-30 12:50:22.266214144+00:00,37.874984718034035,26.846121611499704,0.9375,7,4,3,4,3,0.32873034477233887,noa2020virtv,317.44,78.4,|dt|>120s
samos_2020,instance,10,2020-10-30 12:53:36.486812416+00:00,37.862891241562956,26.834279307433764,4.6875,7,5,2,5,2,0.12078043392726354,noa2020vishe,-428.29,5.4,|dt|>120s
samos_2020,instance,11,2020-10-30 12:56:34.797612544+00:00,37.875050478431255,26.976632310648007,15.9375,8,6,2,6,2,0.4169068932533264,noa2020vishe,-249.97,17.5,|dt|>120s
samos_2020,instance,12,2020-10-30 12:58:37.680481792+00:00,37.89915727041473,26.857949362842536,0.9375,8,5,3,5,3,0.3048418462276459,noa2020vishe,-127.09,9.6,|dt|>120s
samos_2020,instance,13,2020-10-30 12:59:46.415390208+00:00,37.91129140489353,26.976635219542807,15.9375,7,5,2,5,2,0.35851359367370605,noa2020vishe,-58.36,18.9,30<|dt|<=120s
samos_2020,instance,15,2020-10-30 13:03:13.984503040+00:00,37.899132140224864,26.834212443170433,0.9375,7,4,3,5,2,0.4363995279584612,noa2020vishe,149.21,8.3,|dt|>120s
samos_2020,instance,16,2020-10-30 13:12:32.126513408+00:00,37.91124830584653,26.869801339498935,17.8125,9,6,3,6,3,0.4471084011925591,noa2020viszt,-588.74,49.0,|dt|>120s
samos_2020,instance,17,2020-10-30 13:20:19.486146816+00:00,37.730084536598845,26.964779272918904,0.9375,6,4,2,4,2,0.6422752539316813,noa2020viszt,-121.38,53.1,|dt|>120s
samos_2020,instance,18,2020-10-30 13:23:14.574016256+00:00,37.766308492319816,26.905540252092138,0.9375,6,4,2,4,2,0.787381649017334,noa2020viszt,53.71,48.1,30<|dt|<=120s
samos_2020,instance,19,2020-10-30 13:25:16.901287680+00:00,37.91112858676459,26.774838281080847,12.1875,8,6,2,6,2,0.2599616050720215,noa2020viszt,176.03,41.5,|dt|>120s
samos_2020,instance,20,2020-10-30 13:26:00.185836544+00:00,37.88707698486525,26.857967785776804,6.5625,7,5,2,5,2,0.18251899310520717,noa2020viszt,219.32,47.0,|dt|>120s
samos_2020,instance,21,2020-10-30 13:27:12.552751616+00:00,37.89914530365367,26.846080899317045,10.3125,8,6,2,6,2,0.1268520951271057,noa2020viszt,291.68,46.5,|dt|>120s
samos_2020,instance,22,2020-10-30 13:31:11.883530752+00:00,37.85088973652501,26.976630374280507,15.9375,7,5,2,5,2,0.33583487783159527,noa2020viszt,531.01,55.7,|dt|>120s
samos_2020,instance,23,2020-10-30 13:34:01.750005248+00:00,37.89915727041473,26.857949362842536,0.9375,7,5,2,5,2,0.15781685284205846,noa2020viszt,700.88,47.5,|dt|>120s
samos_2020,instance,24,2020-10-30 13:34:59.673851136+00:00,37.88713081210754,26.9766332797001,0.9375,10,6,4,6,4,0.4248949527740479,noa2020viszt,758.81,56.8,|dt|>120s
samos_2020,instance,25,2020-10-30 13:44:45.539218432+00:00,37.82672889523124,26.97662844022613,0.9375,7,5,2,5,2,0.5879759788513184,noa2020vitxq,-322.99,73.9,|dt|>120s
samos_2020,instance,26,2020-10-30 13:47:59.152131840+00:00,37.85088973652501,26.976630374280507,23.4375,7,5,2,5,2,0.22322368621826172,noa2020vitxq,-129.38,73.3,|dt|>120s
samos_2020,instance,30,2020-10-30 14:01:05.938009600+00:00,37.83868394866106,26.79874755354679,19.6875,9,6,3,6,3,0.3825743993123372,noa2020viuge,58.24,58.0,30<|dt|<=120s
samos_2020,instance,31,2020-10-30 14:02:18.729159168+00:00,37.874996674453605,26.8579861977028,0.9375,8,4,4,4,4,0.315184623003006,noa2020viuge,131.03,63.6,|dt|>120s
samos_2020,instance,32,2020-10-30 14:04:14.624335104+00:00,37.88713081210754,26.9766332797001,23.4375,7,5,2,5,2,0.5056238174438477,noa2020viuge,246.92,74.1,|dt|>120s
samos_2020,instance,33,2020-10-30 14:04:51.708358400+00:00,37.86297011990287,26.976631342174933,0.9375,8,6,2,6,2,0.7740828096866608,noa2020viuge,284.01,73.8,|dt|>120s
samos_2020,instance,35,2020-10-30 14:19:22.997530112+00:00,37.850404729973576,26.632671369602203,8.4375,8,5,3,5,3,0.4769824743270874,noa2020viuto,227.1,18.5,|dt|>120s
samos_2020,instance,37,2020-10-30 14:26:56.646052352+00:00,37.911284221712506,26.929153468122774,14.0625,8,6,2,6,2,0.36093053221702576,noa2020vivcl,92.53,42.9,30<|dt|<=120s
samos_2020,instance,38,2020-10-30 14:29:08.644960768+00:00,37.910106215341685,26.44247578685177,0.9375,7,5,2,5,2,0.4530426434108189,noa2020vivcl,224.53,1.6,|dt|>120s
samos_2020,instance,39,2020-10-30 14:31:16.306752512+00:00,37.89921112092916,26.976634249331575,14.0625,8,6,2,6,2,0.631601870059967,noa2020vivcl,352.19,47.1,|dt|>120s
samos_2020,instance,40,2020-10-30 14:34:36.523837184+00:00,37.89915727041473,26.857949362842536,0.9375,9,6,3,6,3,0.27464723587036133,noa2020vivrg,-537.74,36.8,|dt|>120s
samos_2020,instance,41,2020-10-30 14:35:22.472775680+00:00,37.89921112092916,26.976634249331575,30.9375,8,6,2,6,2,0.4123791456222534,noa2020vivrg,-491.8,46.8,|dt|>120s
samos_2020,instance,42,2020-10-30 14:41:02.104551168+00:00,37.89915727041473,26.857949362842536,0.9375,6,3,3,4,2,0.18811396757761636,noa2020vivrg,-152.16,36.8,|dt|>120s
samos_2020,instance,43,2020-10-30 14:41:37.591540224+00:00,37.875050478431255,26.976632310648007,34.6875,6,3,3,3,3,0.48540325959523517,noa2020vivrg,-116.68,46.1,30<|dt|<=120s
samos_2020,instance,46,2020-10-30 14:47:41.367182592+00:00,37.899193170741384,26.90542327667843,27.1875,10,6,4,6,4,0.367982006072998,noa2020vivtp,94.4,5.6,30<|dt|<=120s
samos_2020,instance,47,2020-10-30 14:49:49.392567040+00:00,37.85088973652501,26.976630374280507,19.6875,6,4,2,4,2,0.5225703318913778,noa2020vivtp,222.43,13.8,|dt|>120s
samos_2020,instance,48,2020-10-30 14:50:44.917012992+00:00,37.88713081210754,26.9766332797001,19.6875,7,5,2,5,2,0.4050371987479074,noa2020viwas,-207.05,33.1,|dt|>120s
samos_2020,instance,49,2020-10-30 14:52:29.658101760+00:00,37.91110823459277,26.76296794360721,0.9375,8,6,2,6,2,0.15351876616477966,noa2020viwas,-102.31,17.8,30<|dt|<=120s
samos_2020,instance,51,2020-10-30 14:57:05.343118080+00:00,37.89921112092916,26.976634249331575,0.9375,6,4,2,4,2,0.5879552364349365,noa2020viwas,173.38,33.5,|dt|>120s
samos_2020,instance,52,2020-10-30 14:59:38.057009664+00:00,37.875017000383494,26.881715389410058,15.9375,9,6,3,6,3,0.49020499653286403,noa2020viwas,326.09,24.8,|dt|>120s
samos_2020,quakescope2026,0,2020-10-30 12:20:25.383005440+00:00,37.08900146599156,27.399244518960856,59.0625,7,4,3,5,2,0.3001021317073277,noa2020viqxp,75.65,110.2,30<|dt|<=120s
samos_2020,quakescope2026,1,2020-10-30 12:29:12.305357568+00:00,37.89920394085209,26.929160259598255,0.9375,6,4,2,4,2,0.31940682729085285,noa2020virka,-250.13,21.8,|dt|>120s
samos_2020,quakescope2026,2,2020-10-30 12:39:02.798265088+00:00,37.87497156598086,26.834257032666095,0.9375,8,5,3,5,3,0.2825811803340912,noa2020virka,340.36,13.9,|dt|>120s
samos_2020,quakescope2026,3,2020-10-30 12:42:57.573591296+00:00,37.959605096519915,26.929126261586237,0.9375,7,4,3,4,3,0.5022173949650356,noa2020virtv,-127.25,85.2,|dt|>120s
samos_2020,quakescope2026,5,2020-10-30 13:06:58.363080704+00:00,37.862958168619,27.024082069053215,14.0625,8,6,2,6,2,0.33084771037101746,noa2020vishe,373.59,21.3,|dt|>120s
samos_2020,quakescope2026,6,2020-10-30 13:12:31.804341248+00:00,37.899177613925154,26.88168630921919,21.5625,8,6,2,6,2,0.44044122099876404,noa2020viszt,-589.06,49.4,|dt|>120s
samos_2020,quakescope2026,7,2020-10-30 13:15:25.211151104+00:00,37.88707698486525,26.857967785776804,30.9375,6,3,3,3,3,0.47251848379770917,noa2020viszt,-415.66,47.0,|dt|>120s
samos_2020,quakescope2026,8,2020-10-30 13:26:00.214408448+00:00,37.88707698486525,26.857967785776804,6.5625,7,5,2,5,2,0.16700867244175502,noa2020viszt,219.35,47.0,|dt|>120s
samos_2020,quakescope2026,9,2020-10-30 13:27:12.626260224+00:00,37.899132140224864,26.834212443170433,8.4375,7,5,2,5,2,0.14678665569850377,noa2020viszt,291.76,45.6,|dt|>120s
samos_2020,quakescope2026,10,2020-10-30 13:34:01.823448064+00:00,37.89914530365367,26.846080899317045,0.9375,8,6,2,6,2,0.20663785934448242,noa2020viszt,700.95,46.5,|dt|>120s
samos_2020,quakescope2026,11,2020-10-30 13:34:59.251949056+00:00,37.88710569270955,27.04783260414631,14.0625,7,5,2,5,2,0.26772965703691753,noa2020viszt,758.38,62.8,|dt|>120s
samos_2020,quakescope2026,12,2020-10-30 13:52:16.799076352+00:00,37.88605070683069,26.46638020946245,30.9375,6,4,2,4,2,0.19528861840566,noa2020vitxq,128.27,29.0,|dt|>120s
samos_2020,quakescope2026,13,2020-10-30 13:57:34.105507072+00:00,37.89921112092916,26.976634249331575,0.9375,7,5,2,5,2,0.6421136174883161,noa2020viuda,95.12,13.8,30<|dt|<=120s
samos_2020,quakescope2026,15,2020-10-30 14:01:06.807296768+00:00,37.85076430265415,26.798719501604864,0.9375,8,5,3,5,3,0.20784610509872437,noa2020viuge,59.1,58.1,30<|dt|<=120s
samos_2020,quakescope2026,16,2020-10-30 14:02:18.672834304+00:00,37.887097319583994,26.881700853660004,0.9375,7,4,3,5,2,0.36796140670776367,noa2020viuge,130.97,65.9,|dt|>120s
samos_2020,quakescope2026,17,2020-10-30 14:04:15.132920320+00:00,37.875017000383494,26.881715389410058,0.9375,8,5,3,5,3,0.3269670307636261,noa2020viuge,247.43,65.7,|dt|>120s
samos_2020,quakescope2026,18,2020-10-30 14:04:49.788576+00:00,37.81464843732054,26.976627474065445,49.6875,7,5,2,5,2,0.59797545841762,noa2020viuge,282.09,73.4,|dt|>120s
samos_2020,quakescope2026,19,2020-10-30 14:19:23.578431744+00:00,37.87441918765442,26.585103822443465,0.9375,7,4,3,4,3,0.19929330689566477,noa2020viuto,227.68,15.4,|dt|>120s
samos_2020,quakescope2026,20,2020-10-30 14:24:57.855881216+00:00,37.83879141687449,26.905476542656313,15.9375,7,5,2,5,2,0.32573226519993376,noa2020vivcl,-26.26,41.9,5<|dt|<=30s
samos_2020,quakescope2026,22,2020-10-30 14:31:16.532579584+00:00,37.88713081210754,26.9766332797001,0.9375,6,4,2,4,2,0.30213526884714764,noa2020vivcl,352.42,47.2,|dt|>120s
samos_2020,quakescope2026,23,2020-10-30 14:34:36.700300288+00:00,37.91123753109945,26.857930928892987,0.9375,8,6,2,6,2,0.1645815372467041,noa2020vivrg,-537.57,37.3,|dt|>120s
samos_2020,quakescope2026,24,2020-10-30 14:41:01.569091328+00:00,37.92332854632132,26.869784836091622,21.5625,7,5,2,5,2,0.3328420434679304,noa2020vivrg,-152.7,38.8,|dt|>120s
samos_2020,quakescope2026,26,2020-10-30 14:47:42.226129664+00:00,37.899193170741384,26.90542327667843,15.9375,7,5,2,5,2,0.2558739185333252,noa2020vivtp,95.26,5.6,30<|dt|<=120s
samos_2020,quakescope2026,27,2020-10-30 14:49:50.954593536+00:00,37.86292709531478,26.869867254570217,0.9375,7,5,2,5,2,0.26717894417898996,noa2020vivtp,223.99,7.1,|dt|>120s
samos_2020,quakescope2026,28,2020-10-30 14:50:44.249673984+00:00,37.89918599067083,27.047845209335136,30.9375,6,4,2,4,2,0.3223527669906616,noa2020viwas,-207.72,39.5,|dt|>120s
samos_2020,quakescope2026,29,2020-10-30 14:52:29.616383488+00:00,37.91110823459277,26.76296794360721,6.5625,8,6,2,6,2,0.21885016560554504,noa2020viwas,-102.35,17.8,30<|dt|<=120s
adriatic_2022,jma_wc,0,2022-11-09 06:17:49.514720+00:00,44.0058256880331,13.387591356333962,14.0625,6,4,2,4,2,0.1041950782140096,33302361,30.05,8.2,30<|dt|<=120s
adriatic_2022,jma_wc,1,2022-11-09 06:21:29.610723840+00:00,43.93500826120281,13.387345730568784,6.5625,6,4,2,4,2,0.22244858741760254,33302711,-17.55,7.0,5<|dt|<=30s
adriatic_2022,jma_wc,8,2022-11-09 06:26:25.025209344+00:00,43.94335080893065,12.511286766177836,0.9375,7,4,3,5,2,0.7283086436135429,33303061,-8.01,65.5,5<|dt|<=30s
adriatic_2022,jma_wc,9,2022-11-09 06:27:21.553324800+00:00,43.93506324219432,13.354290577885457,25.3125,9,5,4,5,4,0.22059755855136448,33303161,-27.24,3.6,5<|dt|<=30s
adriatic_2022,jma_wc,14,2022-11-09 06:31:05.838094336+00:00,44.02613821190155,13.33800310662126,14.0625,7,3,4,4,3,0.2761044502258301,33303551,25.09,14.5,5<|dt|<=30s
adriatic_2022,jma_wc,15,2022-11-09 06:32:11.696640+00:00,43.97550419630782,13.370947193945891,27.1875,6,3,3,4,2,0.26754891872406006,33303641,-41.78,6.4,30<|dt|<=120s
adriatic_2022,jma_wc,17,2022-11-09 06:33:20.573318144+00:00,43.955378254945295,13.288216477448447,30.9375,9,5,4,5,4,0.22900263468424478,33303641,27.09,0.6,5<|dt|<=30s
adriatic_2022,jma_wc,19,2022-11-09 06:34:28.167010304+00:00,43.94512509048271,13.387380764987636,4.6875,9,4,5,6,3,0.31434784995185006,33303741,26.85,9.7,5<|dt|<=30s
adriatic_2022,jma_wc,24,2022-11-09 06:39:10.752768768+00:00,43.93510866138071,13.321235339528918,14.0625,7,3,4,5,2,0.6361967154911586,33303971,56.79,2.1,30<|dt|<=120s
adriatic_2022,jma_wc,25,2022-11-09 06:39:35.078230016+00:00,43.96549509608258,13.28823471454895,34.6875,7,3,4,5,2,0.5362136023385184,33304081,-71.23,7.3,30<|dt|<=120s
adriatic_2022,jma_wc,27,2022-11-09 06:42:28.434696192+00:00,43.97550419630782,13.370947193945891,21.5625,9,5,4,5,4,0.3716079394022624,33304091,93.34,4.6,30<|dt|<=120s
adriatic_2022,jma_wc,28,2022-11-09 06:43:08.249152768+00:00,43.945225525908896,13.321259163085944,14.0625,10,4,6,6,4,0.43145051002502444,33304471,-66.29,3.1,30<|dt|<=120s
adriatic_2022,jma_wc,31,2022-11-09 06:47:42.607702528+00:00,43.975444350474085,13.404024736747365,15.9375,10,6,4,6,4,0.2188108444213867,33304601,67.9,11.5,30<|dt|<=120s
adriatic_2022,jma_wc,32,2022-11-09 06:48:22.043750400+00:00,43.945244656519655,13.304728714133866,30.9375,8,4,4,6,2,0.30122050642967224,33304761,-33.62,4.2,30<|dt|<=120s
adriatic_2022,jma_wc,34,2022-11-09 06:49:53.464669440+00:00,43.94530443978841,13.222076280568418,27.1875,9,4,5,5,4,0.13275453779432508,33304761,57.8,3.1,30<|dt|<=120s
adriatic_2022,jma_wc,39,2022-11-09 06:58:10.185721600+00:00,44.2786510264719,13.521535593530718,59.0625,8,6,2,6,2,0.6170859634876251,33305101,-7.49,35.7,5<|dt|<=30s
adriatic_2022,jma_wc,40,2022-11-09 06:59:20.684848384+00:00,43.945180090776816,13.354320006900256,19.6875,9,5,4,5,4,0.25946429040696883,33305081,56.07,5.7,30<|dt|<=120s
adriatic_2022,jma_wc,41,2022-11-09 06:59:55.234863360+00:00,43.955378254945295,13.288216477448447,21.5625,11,5,6,6,5,0.2676289298317649,33305261,-28.82,5.7,5<|dt|<=30s
adriatic_2022,jma_wc,44,2022-11-09 07:02:25.223433984+00:00,43.91485337907864,13.337709757516189,27.1875,10,4,6,6,4,0.4524993419647217,33305341,88.64,9.4,30<|dt|<=120s
adriatic_2022,jma_wc,45,2022-11-09 07:06:02.494526464+00:00,43.945244656519655,13.304728714133866,27.1875,7,5,2,5,2,0.4074394702911377,33305421,-84.69,5.6,30<|dt|<=120s
adriatic_2022,jma_wc,46,2022-11-09 07:06:43.955791616+00:00,43.965387410964865,13.370914911664638,10.3125,10,6,4,6,4,0.2734159708023071,33305421,-43.22,7.3,30<|dt|<=120s
adriatic_2022,jma_wc,49,2022-11-09 07:10:16.072304384+00:00,43.965459200983204,13.321306847552934,15.9375,10,6,4,6,4,0.3845944881439209,33305601,-30.33,4.0,30<|dt|<=120s
adriatic_2022,jma_wc,52,2022-11-09 07:12:26.663579136+00:00,43.955404568818416,13.255149902702739,25.3125,10,6,4,6,4,0.24623875617980956,33305651,49.35,2.8,30<|dt|<=120s
adriatic_2022,jma_wc,53,2022-11-09 07:13:54.625535232+00:00,43.85423507582335,13.255024007658141,21.5625,6,4,2,4,2,0.2708934545516968,33305811,-58.99,14.0,30<|dt|<=120s
adriatic_2022,jma_wc,54,2022-11-09 07:14:14.725175552+00:00,43.93500826120281,13.387345730568784,14.0625,7,3,4,4,3,0.44439125061035156,33305811,-38.89,9.1,30<|dt|<=120s
adriatic_2022,jma_wc,57,2022-11-09 07:22:09.583269376+00:00,43.95541413750756,13.238616600522336,32.8125,6,3,3,4,2,0.11376003424326579,33306021,-152.72,6.7,|dt|>120s
adriatic_2022,jma_wc,59,2022-11-09 07:26:56.658991104+00:00,43.99567782512509,13.404100589077025,12.1875,7,3,4,5,2,0.3244983128138951,33306021,134.36,9.3,|dt|>120s
adriatic_2022,jma_wc,60,2022-11-09 07:27:46.824676864+00:00,43.965459200983204,13.321306847552934,25.3125,8,5,3,6,2,0.3148501515388489,33306311,-150.76,5.0,|dt|>120s
adriatic_2022,jma_wc,61,2022-11-09 07:29:30.721775872+00:00,43.98574309252606,13.27172951411275,34.6875,7,3,4,4,3,0.2722232682364328,33306311,-46.86,0.6,30<|dt|<=120s
adriatic_2022,jma_wc,68,2022-11-09 07:39:22.770986752+00:00,43.93512778527748,13.304707693322676,30.9375,7,4,3,4,3,0.17707368305751256,33306831,13.06,5.7,5<|dt|<=30s
adriatic_2022,jma_wc,69,2022-11-09 07:42:25.015271424+00:00,43.82335762085946,13.535431656550157,0.9375,6,3,3,4,2,0.4261140425999959,33306971,-119.57,26.8,30<|dt|<=120s
adriatic_2022,jma_wc,71,2022-11-09 07:45:27.613040896+00:00,43.95534237244313,13.321282999091345,25.3125,10,4,6,6,4,0.3157240867614746,33306971,63.02,4.4,30<|dt|<=120s
adriatic_2022,jma_wc,74,2022-11-09 07:51:04.549591808+00:00,43.904712588452945,13.354202383008737,15.9375,8,5,3,5,3,0.2540634870529175,33307221,48.05,6.9,30<|dt|<=120s
adriatic_2022,jma_wc,75,2022-11-09 07:56:18.942811648+00:00,43.763204757122814,13.188990143646786,29.0625,6,4,2,4,2,0.27783175309499103,33307311,212.53,21.2,|dt|>120s
adriatic_2022,jma_wc,78,2022-11-09 08:06:25.666889984+00:00,43.96543766395245,13.337842889019715,17.8125,9,5,4,5,4,0.3335100809733073,33307591,30.73,10.1,30<|dt|<=120s
adriatic_2022,jma_wc,86,2022-11-09 08:43:11.012735232+00:00,43.94530443978841,13.222076280568418,23.4375,6,4,2,4,2,0.30464935302734375,33308701,-157.9,8.8,|dt|>120s
adriatic_2022,jma_wc,88,2022-11-09 08:46:35.475625472+00:00,43.66190152752016,13.007998227888633,27.1875,7,4,3,4,3,0.17618353026253836,33308701,46.57,37.8,30<|dt|<=120s
adriatic_2022,jma_wc,90,2022-11-09 08:53:35.213995264+00:00,44.00592633519807,13.32140236611753,14.0625,6,4,2,4,2,0.21765212217966715,33309011,-31.02,3.8,30<|dt|<=120s
adriatic_2022,jma_wc,93,2022-11-09 08:56:32.918518272+00:00,43.97562628232692,13.271714066570889,23.4375,7,3,4,5,2,0.22224112919398717,33309081,80.36,4.7,30<|dt|<=120s
adriatic_2022,instance,8,2022-11-09 06:25:53.603536896+00:00,44.11707716009632,12.956942627495977,49.6875,8,5,3,6,2,0.5450157225131989,33303061,-39.44,37.3,30<|dt|<=120s
adriatic_2022,instance,10,2022-11-09 06:27:23.080797440+00:00,43.89471263740774,13.238557788122415,23.4375,8,6,2,6,2,0.27747419476509094,33303161,-25.71,10.6,5<|dt|<=30s
adriatic_2022,instance,12,2022-11-09 06:28:11.748791808+00:00,43.91492504337794,13.27162155061372,29.0625,8,6,2,6,2,0.22265499830245972,33303271,-12.98,7.3,5<|dt|<=30s
adriatic_2022,instance,14,2022-11-09 06:29:01.201335552+00:00,43.84414185714085,13.18900127607676,29.0625,6,3,3,3,3,0.36432361602783203,33303381,-32.63,16.0,30<|dt|<=120s
adriatic_2022,instance,19,2022-11-09 06:34:28.096776448+00:00,43.88454315919804,13.304602753784323,19.6875,8,5,3,5,3,0.2005523443222046,33303741,26.78,14.0,5<|dt|<=30s
adriatic_2022,instance,25,2022-11-09 06:43:08.377012992+00:00,43.82390054617665,13.221992437996246,27.1875,9,6,3,6,3,0.4166425069173177,33304471,-66.16,12.7,30<|dt|<=120s
adriatic_2022,instance,26,2022-11-09 06:43:52.234972672+00:00,43.85420885415955,13.28803462935458,21.5625,6,4,2,4,2,0.2545737822850545,33304471,-22.31,7.9,5<|dt|<=30s
adriatic_2022,instance,30,2022-11-09 06:47:42.468439040+00:00,43.99570896679107,13.387556211905254,15.9375,9,5,4,5,4,0.387038442823622,33304601,67.76,10.4,30<|dt|<=120s
adriatic_2022,instance,31,2022-11-09 06:48:22.128680960+00:00,43.995788018915604,13.337922935015909,25.3125,6,4,2,4,2,0.15649286905924478,33304761,-33.53,7.7,30<|dt|<=120s
adriatic_2022,instance,33,2022-11-09 06:49:53.436194304+00:00,43.955404568818416,13.255149902702739,23.4375,6,4,2,4,2,0.05667603015899658,33304761,57.78,0.4,30<|dt|<=120s
adriatic_2022,instance,35,2022-11-09 06:54:01.888290048+00:00,43.510266547897956,13.205366956301214,40.3125,6,3,3,3,3,0.2647931178410848,33304941,-49.1,49.3,30<|dt|<=120s
adriatic_2022,instance,40,2022-11-09 06:59:55.297770240+00:00,43.9452613958181,13.288198249873298,21.5625,9,6,3,6,3,0.13499018881056044,33305261,-28.75,4.9,5<|dt|<=30s
adriatic_2022,instance,43,2022-11-09 07:02:25.618098176+00:00,43.93508714701725,13.337762968396447,19.6875,9,6,3,6,3,0.2303633689880371,33305341,89.04,7.5,30<|dt|<=120s
adriatic_2022,instance,44,2022-11-09 07:06:03.163067136+00:00,43.92504196150587,13.271636949811128,27.1875,9,5,4,6,3,0.18603934182061088,33305421,-84.02,6.2,30<|dt|<=120s
adriatic_2022,instance,45,2022-11-09 07:06:44.255354880+00:00,43.945180090776816,13.354320006900256,12.1875,9,6,3,6,3,0.26932289865281844,33305421,-42.92,4.8,30<|dt|<=120s
adriatic_2022,instance,48,2022-11-09 07:10:16.198743808+00:00,43.91493698745115,13.255099465781957,25.3125,9,5,4,5,4,0.3040290143754747,33305601,-30.2,7.5,30<|dt|<=120s
adriatic_2022,instance,51,2022-11-09 07:12:26.316103680+00:00,43.94529726578735,13.238606785651776,29.0625,6,4,2,4,2,0.1256237030029297,33305651,49.01,4.4,30<|dt|<=120s
adriatic_2022,instance,52,2022-11-09 07:13:54.262039296+00:00,43.88457418107034,13.271575401239852,21.5625,7,5,2,5,2,0.19612434932163783,33305811,-59.36,10.4,30<|dt|<=120s
adriatic_2022,instance,53,2022-11-09 07:14:13.485438976+00:00,43.92494637561269,13.354261164238354,29.0625,7,5,2,5,2,0.2190507139478411,33305811,-40.13,7.7,30<|dt|<=120s
adriatic_2022,instance,56,2022-11-09 07:22:10.301407488+00:00,43.894726960251546,13.172491742519178,30.9375,7,5,2,5,2,0.2793798106057303,33306021,-152.0,12.7,|dt|>120s
adriatic_2022,instance,57,2022-11-09 07:24:28.708052480+00:00,43.88458611257166,13.255061707174661,29.0625,7,5,2,5,2,0.07740082059587751,33306021,-13.59,7.9,5<|dt|<=30s
adriatic_2022,instance,59,2022-11-09 07:27:46.619997184+00:00,43.93514451870116,13.288180031817534,30.9375,11,6,5,6,5,0.27710591663013806,33306311,-150.96,6.3,|dt|>120s
adriatic_2022,instance,60,2022-11-09 07:29:31.067418368+00:00,43.985728724386604,13.288271217349934,30.9375,8,4,4,5,3,0.2300550937652588,33306311,-46.51,1.7,30<|dt|<=120s
adriatic_2022,instance,68,2022-11-09 07:36:10.573634816+00:00,43.93510866138071,13.321235339528918,14.0625,7,5,2,5,2,0.2798140730176653,33306781,52.55,4.9,30<|dt|<=120s
adriatic_2022,instance,69,2022-11-09 07:37:23.769871872+00:00,43.93518754756494,13.222069273604706,29.0625,6,4,2,4,2,0.14540600776672363,33306831,-105.94,9.3,30<|dt|<=120s
adriatic_2022,instance,70,2022-11-09 07:40:38.119926784+00:00,43.75306378435065,13.254898767949285,29.0625,8,5,3,5,3,0.44313284754753113,33306831,88.41,15.3,30<|dt|<=120s
adriatic_2022,instance,72,2022-11-09 07:45:04.429078272+00:00,43.86421856741394,12.990906985428248,44.0625,6,4,2,4,2,0.04576341311136881,33306971,39.84,27.8,30<|dt|<=120s
adriatic_2022,instance,73,2022-11-09 07:45:27.830516480+00:00,43.945244656519655,13.304728714133866,25.3125,8,5,3,5,3,0.14307963848114014,33306971,63.24,5.0,30<|dt|<=120s
adriatic_2022,instance,76,2022-11-09 07:51:04.335497472+00:00,43.87442618000988,13.304581798732123,23.4375,8,5,3,5,3,0.2494424283504486,33307221,47.84,5.8,30<|dt|<=120s
adriatic_2022,instance,78,2022-11-09 07:56:19.198423808+00:00,43.89466012039572,13.304623719779205,19.6875,7,4,3,4,3,0.22536410604204452,33307311,212.79,7.2,|dt|>120s
adriatic_2022,instance,81,2022-11-09 08:06:26.140676352+00:00,43.91491071049891,13.288143624240304,21.5625,9,6,3,6,3,0.24251996146308052,33307591,31.2,5.5,30<|dt|<=120s
adriatic_2022,instance,82,2022-11-09 08:08:07.137112064+00:00,43.955392607962985,13.271683195692246,25.3125,7,5,2,5,2,0.41711715289524626,33307591,132.2,4.9,|dt|>120s
adriatic_2022,instance,84,2022-11-09 08:15:38.150229248+00:00,43.93508714701725,13.337762968396447,2.8125,7,4,3,4,3,0.39005255699157715,33307761,-49.57,1.7,30<|dt|<=120s
adriatic_2022,instance,91,2022-11-09 08:37:36.044045312+00:00,43.92504196150587,13.271636949811128,25.3125,6,4,2,4,2,0.25940879185994464,33308401,111.83,6.4,30<|dt|<=120s
adriatic_2022,instance,92,2022-11-09 08:40:24.897988352+00:00,44.05646423718621,13.354644743092983,0.9375,8,5,3,5,3,0.629785567522049,33308401,280.69,11.3,|dt|>120s
adriatic_2022,instance,93,2022-11-09 08:43:10.320451840+00:00,43.90484392692606,13.172490344050269,30.9375,8,5,3,5,3,0.4767528474330902,33308701,-158.59,12.1,|dt|>120s
adriatic_2022,instance,94,2022-11-09 08:45:30.172582400+00:00,43.75307328609049,13.238421273373394,17.8125,6,4,2,4,2,0.598393440246582,33308701,-18.74,19.2,5<|dt|<=30s
adriatic_2022,instance,96,2022-11-09 08:46:35.288346112+00:00,43.93514451870116,13.288180031817534,25.3125,12,6,6,6,6,0.2764463424682617,33308701,46.38,3.6,30<|dt|<=120s
adriatic_2022,instance,98,2022-11-09 08:49:21.892718592+00:00,43.965459200983204,13.321306847552934,6.5625,6,4,2,4,2,0.13327995936075845,33308861,88.82,4.4,30<|dt|<=120s
adriatic_2022,instance,99,2022-11-09 08:53:34.864659200+00:00,44.05648824290527,13.33808340407264,10.3125,6,4,2,4,2,0.12523953119913736,33309011,-31.37,9.4,30<|dt|<=120s
adriatic_2022,instance,102,2022-11-09 08:56:32.634535168+00:00,43.97562628232692,13.271714066570889,27.1875,7,4,3,4,3,0.21867125374930246,33309081,80.07,4.7,30<|dt|<=120s
adriatic_2022,instance,108,2022-11-09 09:15:31.150618112+00:00,43.91492504337794,13.27162155061372,23.4375,8,4,4,4,4,0.10301902890205383,33309601,-103.67,6.7,30<|dt|<=120s
adriatic_2022,quakescope2026,0,2022-11-09 06:17:49.487307776+00:00,44.01594239126812,13.387626519137948,12.1875,6,4,2,4,2,0.0828331708908081,33302361,30.03,9.2,30<|dt|<=120s
adriatic_2022,quakescope2026,9,2022-11-09 06:27:21.965393152+00:00,43.904808107262575,13.271606159456061,30.9375,10,5,5,6,4,0.3543137788772583,33303161,-26.82,8.0,5<|dt|<=30s
adriatic_2022,quakescope2026,11,2022-11-09 06:28:11.749178624+00:00,44.005904767908646,13.337949644916103,14.0625,7,5,2,5,2,0.26078922407967703,33303271,-12.98,4.3,5<|dt|<=30s
adriatic_2022,quakescope2026,15,2022-11-09 06:31:05.853808128+00:00,44.02613821190155,13.33800310662126,14.0625,7,3,4,4,3,0.26957389286586214,33303551,25.1,14.5,5<|dt|<=30s
adriatic_2022,quakescope2026,16,2022-11-09 06:32:12.384326144+00:00,43.95529692136,13.354349451292386,25.3125,6,3,3,4,2,0.36948831876118976,33303641,-41.1,4.7,30<|dt|<=120s
adriatic_2022,quakescope2026,18,2022-11-09 06:33:21.432830464+00:00,43.975554466937325,13.337869557076468,15.9375,9,4,5,5,4,0.4097640249464247,33303641,27.95,4.0,5<|dt|<=30s
adriatic_2022,quakescope2026,20,2022-11-09 06:34:28.186990080+00:00,43.94512509048271,13.387380764987636,4.6875,7,3,4,4,3,0.33982392719813753,33303741,26.87,9.7,5<|dt|<=30s
adriatic_2022,quakescope2026,25,2022-11-09 06:39:10.440763904+00:00,43.93508714701725,13.337762968396447,14.0625,8,4,4,5,3,0.61927130818367,33303971,56.48,3.5,30<|dt|<=120s
adriatic_2022,quakescope2026,26,2022-11-09 06:40:32.973339392+00:00,44.13341064258108,14.150847811240347,59.0625,9,5,4,6,3,0.2766885757446289,33304081,-13.34,73.8,5<|dt|<=30s
adriatic_2022,quakescope2026,28,2022-11-09 06:42:28.577732096+00:00,44.00585444431773,13.371044142073075,12.1875,8,5,3,5,3,0.3537478446960449,33304091,93.49,5.5,30<|dt|<=120s
adriatic_2022,quakescope2026,29,2022-11-09 06:43:07.941175040+00:00,43.93510866138071,13.321235339528918,19.6875,8,3,5,5,3,0.42950257658958435,33304471,-66.6,2.4,30<|dt|<=120s
adriatic_2022,quakescope2026,33,2022-11-09 06:47:42.827807744+00:00,43.95527060761911,13.370882646246313,19.6875,9,5,4,6,3,0.28569833437601727,33304601,68.12,9.2,30<|dt|<=120s
adriatic_2022,quakescope2026,35,2022-11-09 06:49:53.430279168+00:00,43.94530443978841,13.222076280568418,27.1875,7,3,4,4,3,0.11834972245352608,33304761,57.77,3.1,30<|dt|<=120s
adriatic_2022,quakescope2026,40,2022-11-09 06:58:09.431581440+00:00,44.21702463067798,13.753668536284254,51.5625,8,5,3,6,2,0.35269489884376526,33305101,-8.25,43.5,5<|dt|<=30s
adriatic_2022,quakescope2026,41,2022-11-09 06:59:20.701515008+00:00,43.945180090776816,13.354320006900256,19.6875,9,5,4,5,4,0.2714154190487332,33305081,56.09,5.7,30<|dt|<=120s
adriatic_2022,quakescope2026,42,2022-11-09 06:59:55.201226752+00:00,43.955378254945295,13.288216477448447,21.5625,11,5,6,6,5,0.30663717876781116,33305261,-28.85,5.7,5<|dt|<=30s
adriatic_2022,quakescope2026,45,2022-11-09 07:02:25.166405888+00:00,43.91485337907864,13.337709757516189,27.1875,9,4,5,6,3,0.4100363784366184,33305341,88.59,9.4,30<|dt|<=120s
adriatic_2022,quakescope2026,46,2022-11-09 07:06:02.485954816+00:00,43.945244656519655,13.304728714133866,27.1875,7,5,2,5,2,0.4200925827026367,33305421,-84.69,5.6,30<|dt|<=120s
adriatic_2022,quakescope2026,47,2022-11-09 07:06:43.735451136+00:00,43.95527060761911,13.370882646246313,15.9375,10,6,4,6,4,0.2799351215362549,33305421,-43.44,6.3,30<|dt|<=120s
adriatic_2022,quakescope2026,50,2022-11-09 07:10:15.942975488+00:00,43.97557601152892,13.321330708478522,15.9375,10,6,4,6,4,0.381380295753479,33305441,30.33,10.7,30<|dt|<=120s
adriatic_2022,quakescope2026,53,2022-11-09 07:12:26.481566464+00:00,43.94528770045634,13.255137283591129,27.1875,9,5,4,5,4,0.16423657205369738,33305651,49.17,3.8,30<|dt|<=120s
adriatic_2022,quakescope2026,54,2022-11-09 07:14:13.159446272+00:00,43.935036946919894,13.37081816595616,29.0625,7,3,4,5,2,0.49832068170819965,33305811,-40.46,8.0,30<|dt|<=120s
adriatic_2022,quakescope2026,57,2022-11-09 07:22:11.623365632+00:00,43.96553099124208,13.238626420521953,8.4375,6,3,3,4,2,0.38020821412404376,33306021,-150.68,7.1,|dt|>120s
adriatic_2022,quakescope2026,58,2022-11-09 07:23:39.490497536+00:00,44.026087852973276,13.371108858666746,8.4375,6,3,3,3,3,0.5564030011494955,33306021,-62.81,10.6,30<|dt|<=120s
adriatic_2022,quakescope2026,60,2022-11-09 07:27:46.514903040+00:00,43.94527574379859,13.271667772345346,32.8125,9,5,4,6,3,0.2931041717529297,33306311,-151.07,5.0,|dt|>120s
adriatic_2022,quakescope2026,61,2022-11-09 07:29:30.871937024+00:00,43.985728724386604,13.288271217349934,32.8125,7,3,4,4,3,0.257021393094744,33306311,-46.71,1.7,30<|dt|<=120s
adriatic_2022,quakescope2026,68,2022-11-09 07:36:10.269370112+00:00,43.884559863277545,13.288089084120893,30.9375,6,3,3,4,2,0.564000686009725,33306781,52.25,10.2,30<|dt|<=120s
adriatic_2022,quakescope2026,70,2022-11-09 07:45:27.612201472+00:00,43.95534237244313,13.321282999091345,25.3125,11,5,6,6,5,0.29883308844132855,33306971,63.02,4.4,30<|dt|<=120s
adriatic_2022,quakescope2026,73,2022-11-09 07:51:04.332068864+00:00,43.92492008956686,13.370785951063215,14.0625,8,4,4,5,3,0.333416610956192,33307221,47.83,8.0,30<|dt|<=120s
adriatic_2022,quakescope2026,74,2022-11-09 07:56:19.079153664+00:00,43.73285067417051,13.156042058171943,29.0625,6,4,2,4,2,0.2762509187062581,33307311,212.67,25.2,|dt|>120s
adriatic_2022,quakescope2026,77,2022-11-09 08:06:25.675778560+00:00,43.96543766395245,13.337842889019715,17.8125,9,5,4,5,4,0.332522365781996,33307591,30.74,10.1,30<|dt|<=120s
adriatic_2022,quakescope2026,85,2022-11-09 08:40:29.503010304+00:00,43.85423507582335,13.255024007658141,12.1875,7,3,4,4,3,0.5903735160827637,33308401,285.29,14.2,|dt|>120s
adriatic_2022,quakescope2026,86,2022-11-09 08:43:10.090917376+00:00,43.71243346202022,12.974920418276913,32.8125,6,3,3,3,3,0.3036547899246216,33308701,-158.82,35.9,|dt|>120s
adriatic_2022,quakescope2026,88,2022-11-09 08:46:35.394627072+00:00,43.975554466937325,13.337869557076468,15.9375,7,5,2,5,2,0.2896064690181187,33308701,46.48,6.9,30<|dt|<=120s
adriatic_2022,quakescope2026,92,2022-11-09 08:56:32.695971840+00:00,43.97562628232692,13.271714066570889,25.3125,7,3,4,5,2,0.215451785496303,33309081,80.14,4.7,30<|dt|<=120s
etna_2022_2024,jma_wc,4,2022-08-29 19:21:34.513500416+00:00,37.728985036178706,14.741978471493994,24.84375,7,5,2,5,2,0.1019179139818464,32590491,15.62,1.6,5<|dt|<=30s
etna_2022_2024,jma_wc,7,2022-08-29 19:25:17.288796160+00:00,37.72903571082156,14.78461802131214,10.78125,5,4,1,4,1,0.02728409767150879,32590591,46.97,4.8,30<|dt|<=120s
etna_2022_2024,jma_wc,8,2022-08-29 19:25:53.395447040+00:00,37.37405816805593,14.518428027564035,29.53125,5,4,1,4,1,0.20573830604553223,32590591,83.08,42.4,30<|dt|<=120s
etna_2022_2024,jma_wc,9,2022-08-29 19:28:13.850493952+00:00,37.75920327208975,14.790663654469943,2.34375,5,4,1,4,1,0.17440919876098632,32590721,-45.36,8.2,30<|dt|<=120s
etna_2022_2024,jma_wc,11,2022-08-29 19:34:01.049666816+00:00,37.74416753453346,14.857705317142214,28.59375,7,6,1,6,1,0.2925449439457485,32590721,301.84,12.7,|dt|>120s
etna_2022_2024,jma_wc,16,2022-08-29 19:43:07.596731648+00:00,37.73663278931669,14.875985968654843,22.96875,7,5,2,5,2,0.22131974356515066,32591081,79.27,14.8,30<|dt|<=120s
etna_2022_2024,jma_wc,17,2022-08-29 19:44:35.632289280+00:00,37.744020152203305,14.711482798274657,26.71875,9,6,3,6,3,0.2865863111284044,32591411,-44.4,3.8,30<|dt|<=120s
etna_2022_2024,jma_wc,19,2022-08-29 19:46:06.895866624+00:00,37.74401007481927,14.70539022159026,24.84375,5,4,1,4,1,0.07652931213378907,32591411,46.87,4.0,30<|dt|<=120s
etna_2022_2024,jma_wc,20,2022-08-29 19:46:42.529258752+00:00,37.73647977975949,14.711502264603357,7.96875,5,4,1,4,1,0.059330081939697264,32591571,-62.08,3.4,30<|dt|<=120s
etna_2022_2024,jma_wc,24,2022-08-29 19:52:00.350999296+00:00,37.72895859728634,14.723704414506281,11.71875,7,6,1,6,1,0.2524252619062151,32591731,29.49,1.6,5<|dt|<=30s
etna_2022_2024,jma_wc,27,2022-08-29 19:56:14.107187200+00:00,37.73646970509783,14.705410305884625,27.65625,6,4,2,5,1,0.12200701236724854,32591921,-71.58,3.6,30<|dt|<=120s
etna_2022_2024,jma_wc,33,2022-08-29 20:04:27.648960+00:00,37.73656982227688,14.778513986834067,25.78125,8,6,2,6,2,0.1518358290195465,32592331,27.14,5.6,5<|dt|<=30s
etna_2022_2024,jma_wc,35,2022-08-29 20:06:16.096793600+00:00,37.72147546913218,14.76635780976667,25.78125,7,6,1,6,1,0.16049654143197195,32592421,-17.06,3.6,5<|dt|<=30s
etna_2022_2024,jma_wc,38,2022-08-29 20:09:17.591166464+00:00,37.351435985400585,14.518543575523465,29.53125,6,4,2,4,2,0.2490699291229248,32592591,-61.12,45.3,30<|dt|<=120s
etna_2022_2024,jma_wc,40,2022-08-29 20:11:05.605481472+00:00,37.7441476945402,14.821149597756712,24.84375,7,5,2,5,2,0.25555597032819477,32592591,46.9,7.2,30<|dt|<=120s
etna_2022_2024,jma_wc,43,2022-08-29 20:13:52.840744192+00:00,37.713927811668924,14.760281569158707,24.84375,7,6,1,6,1,0.1326819828578404,32592921,-58.3,2.1,30<|dt|<=120s
etna_2022_2024,jma_wc,49,2022-08-29 20:42:23.328542976+00:00,37.72144463204686,14.741994835768592,24.84375,6,5,1,5,1,0.12808438142140707,32593821,39.5,1.7,30<|dt|<=120s
etna_2022_2024,jma_wc,53,2022-08-29 20:54:54.343931136+00:00,37.72900864236257,14.76025255109432,26.71875,7,6,1,6,1,0.1024078301021031,32594141,163.15,2.4,|dt|>120s
etna_2022_2024,jma_wc,54,2022-08-29 20:55:51.116744448+00:00,37.72902941582778,14.778526650747395,17.34375,7,6,1,6,1,0.10684336934770856,32594141,219.93,3.8,|dt|>120s
etna_2022_2024,jma_wc,55,2022-08-29 20:59:45.485344768+00:00,37.73654148717461,14.754146053979838,22.03125,6,5,1,5,1,0.13568294048309326,32594301,-147.22,4.1,|dt|>120s
etna_2022_2024,jma_wc,56,2022-08-29 21:00:26.999812352+00:00,37.75143230899153,15.162361633662064,0.46875,6,5,1,5,1,0.3976704676946004,32594301,-105.71,39.2,30<|dt|<=120s
etna_2022_2024,jma_wc,58,2022-08-29 21:02:59.285152+00:00,37.72899321965258,14.74806982897467,21.09375,7,6,1,6,1,0.14477246148245676,32594351,-41.56,2.9,30<|dt|<=120s
etna_2022_2024,jma_wc,71,2022-08-29 21:55:30.910506496+00:00,37.744138561851614,14.808964367197287,25.78125,8,6,2,6,2,0.19650492072105408,32595171,74.99,7.0,30<|dt|<=120s
etna_2022_2024,jma_wc,75,2022-08-29 22:05:30.850524160+00:00,37.73654148717461,14.754146053979838,22.03125,8,6,2,6,2,0.24126538634300232,32595551,-79.05,1.7,30<|dt|<=120s
etna_2022_2024,jma_wc,76,2022-08-29 22:08:35.283222528+00:00,37.751637060947765,14.7663022017747,24.84375,8,6,2,6,2,0.20234128832817078,32595621,-67.71,3.9,30<|dt|<=120s
etna_2022_2024,jma_wc,77,2022-08-29 22:09:17.444759808+00:00,37.73654148717461,14.754146053979838,22.03125,7,6,1,6,1,0.16839630263192312,32595621,-25.55,2.2,5<|dt|<=30s
etna_2022_2024,jma_wc,79,2022-08-29 22:09:58.390970112+00:00,37.72904169106751,14.79070939372572,23.90625,7,6,1,6,1,0.13737525258745467,32595621,15.4,3.1,5<|dt|<=30s
etna_2022_2024,jma_wc,81,2022-08-29 22:12:29.787137536+00:00,37.73654148717461,14.754146053979838,23.90625,5,4,1,4,1,0.03300776481628418,32595651,26.37,3.8,5<|dt|<=30s
etna_2022_2024,jma_wc,83,2022-08-29 22:13:45.601069824+00:00,37.70630812942361,14.705490568212173,22.03125,8,6,2,6,2,0.2077370285987854,32595741,49.03,4.3,30<|dt|<=120s
etna_2022_2024,jma_wc,84,2023-06-04 16:23:17.083684864+00:00,37.78941674445226,14.924737182402916,23.90625,5,3,2,4,1,0.08457803726196289,35212381,-53.2,3.9,30<|dt|<=120s
etna_2022_2024,jma_wc,87,2023-06-04 16:25:36.987978240+00:00,37.81955123142434,14.985734001395857,23.90625,7,5,2,5,2,0.13469042096819198,35212531,-23.95,8.7,5<|dt|<=30s
etna_2022_2024,jma_wc,90,2023-06-04 16:26:46.507937792+00:00,37.7743360225917,14.924732847627128,20.15625,8,5,3,6,2,0.1849939525127411,35212581,26.83,3.9,5<|dt|<=30s
etna_2022_2024,jma_wc,91,2023-06-04 16:27:02.879917824+00:00,37.789338833000066,15.040567424963502,19.21875,6,3,3,4,2,0.2581024964650472,35212581,43.2,13.2,30<|dt|<=120s
etna_2022_2024,jma_wc,92,2023-06-04 16:27:35.251301632+00:00,37.7743360225917,14.924732847627128,27.65625,5,4,1,4,1,0.03680243492126465,35212711,-45.28,2.8,30<|dt|<=120s
etna_2022_2024,jma_wc,94,2023-06-04 16:30:36.012683008+00:00,37.76677673659201,14.973486502918727,22.96875,9,6,3,6,3,0.19700524542066786,35212781,-65.51,6.5,30<|dt|<=120s
etna_2022_2024,jma_wc,98,2023-06-04 16:33:39.878500352+00:00,37.759239822582984,14.967385531963938,17.34375,7,3,4,4,3,0.33368914467947824,35212931,45.43,6.1,30<|dt|<=120s
etna_2022_2024,jma_wc,99,2023-06-04 16:34:33.717359872+00:00,37.781878280437866,14.906447859325198,26.71875,7,6,1,6,1,0.1969139916556222,35212931,99.27,2.6,30<|dt|<=120s
etna_2022_2024,jma_wc,100,2023-06-04 16:35:06.980362496+00:00,37.69139324677154,14.90035584789619,24.84375,5,3,2,4,1,0.06119394302368164,35212931,132.53,7.5,|dt|>120s
etna_2022_2024,jma_wc,101,2023-06-04 16:35:38.061183488+00:00,37.774336968375515,14.918637748542688,23.90625,8,5,3,5,3,0.27846577763557434,35212931,163.61,2.5,|dt|>120s
etna_2022_2024,jma_wc,102,2023-06-04 16:36:35.703489536+00:00,37.7968927255485,15.0283874946658,19.21875,7,3,4,5,2,0.21411446162632533,35213221,-189.86,11.5,|dt|>120s
etna_2022_2024,jma_wc,103,2023-06-04 16:38:05.146196480+00:00,37.812015025210286,14.979627437975669,23.90625,7,5,2,5,2,0.14685600144522531,35213221,-100.41,8.5,30<|dt|<=120s
etna_2022_2024,jma_wc,105,2023-06-04 16:42:34.151739392+00:00,37.781877334398516,14.918639296388303,27.65625,11,6,5,6,5,0.28565226901661267,35213361,-83.43,2.7,30<|dt|<=120s
etna_2022_2024,jma_wc,107,2023-06-04 16:44:40.675653120+00:00,37.781866927968686,14.955213598830609,26.71875,6,5,1,5,1,0.07297209898630778,35213361,43.1,3.5,30<|dt|<=120s
etna_2022_2024,jma_wc,108,2023-06-04 16:45:12.141943296+00:00,37.77433476154667,14.930827946378933,22.03125,6,4,2,4,2,0.22840189933776855,35213451,-48.81,2.3,30<|dt|<=120s
etna_2022_2024,jma_wc,112,2023-06-04 16:51:46.216841216+00:00,37.721540919432364,14.961262320523712,22.96875,5,3,2,3,2,0.11140165328979493,35213661,105.66,5.3,30<|dt|<=120s
etna_2022_2024,jma_wc,113,2023-06-04 16:52:54.752958720+00:00,37.76679564715035,14.924730681451408,23.90625,7,5,2,5,2,0.12237828118460518,35213661,174.19,1.1,|dt|>120s
etna_2022_2024,jma_wc,114,2023-06-04 16:53:40.993856+00:00,37.781853683429574,14.979596452230224,18.28125,7,5,2,5,2,0.3078089782169887,35213661,220.43,5.9,|dt|>120s
etna_2022_2024,jma_wc,115,2023-06-04 16:55:14.105212416+00:00,37.7667861918689,14.851596924550224,24.84375,8,4,4,5,3,0.3152320086956024,35213971,-235.41,5.8,|dt|>120s
etna_2022_2024,jma_wc,116,2023-06-04 16:56:13.862344192+00:00,37.781878280437866,14.900352140674801,23.90625,8,5,3,5,3,0.29607072472572327,35213971,-175.66,3.6,|dt|>120s
etna_2022_2024,jma_wc,117,2023-06-04 16:57:45.161868544+00:00,37.6536841465933,14.863846044173473,19.21875,7,5,2,6,1,0.3821680545806885,35213971,-84.36,11.8,30<|dt|<=120s
etna_2022_2024,jma_wc,120,2023-06-04 17:06:24.180420608+00:00,37.7968927255485,15.0283874946658,18.28125,8,6,2,6,2,0.3755476474761963,35214201,71.67,10.5,30<|dt|<=120s
etna_2022_2024,jma_wc,122,2023-06-04 17:14:18.204067584+00:00,37.781853683429574,14.979596452230224,25.78125,7,5,2,5,2,0.03846291133335659,35214371,-87.72,4.7,30<|dt|<=120s
etna_2022_2024,jma_wc,125,2023-06-04 17:22:12.432675328+00:00,37.72906246456755,14.991725100027777,27.65625,6,4,2,5,1,0.30736684799194336,35214431,212.77,6.2,|dt|>120s
etna_2022_2024,jma_wc,126,2023-06-04 17:25:02.291825920+00:00,37.80440464084003,15.052790414344006,17.34375,9,6,3,6,3,0.2851930459340413,35214531,-115.02,12.4,30<|dt|<=120s
etna_2022_2024,jma_wc,128,2023-06-04 17:33:20.462735360+00:00,37.78183539336637,15.003979286614642,24.84375,8,5,3,5,3,0.10537669062614441,35214671,-235.86,8.5,|dt|>120s
etna_2022_2024,jma_wc,131,2023-06-04 17:44:47.855117568+00:00,37.78941863704198,14.900351830990184,25.78125,10,6,4,6,4,0.12294478416442871,35214811,38.37,3.8,30<|dt|<=120s
etna_2022_2024,jma_wc,132,2023-06-04 17:46:06.774270464+00:00,37.77431710692477,14.973493620344575,22.03125,9,6,3,6,3,0.18839218881395128,35214921,-90.86,6.9,30<|dt|<=120s
etna_2022_2024,jma_wc,134,2023-06-04 17:49:02.157492736+00:00,37.804487959554436,14.955229398626912,24.84375,6,4,2,4,2,0.10318307081858318,35214921,84.53,7.3,30<|dt|<=120s
etna_2022_2024,jma_wc,136,2023-06-04 17:52:04.968537600+00:00,37.811996715380126,15.004020187750477,21.09375,5,3,2,4,1,0.057721281051635744,35214971,77.77,9.2,30<|dt|<=120s
etna_2022_2024,jma_wc,137,2023-06-04 17:56:43.112003840+00:00,37.78187796509141,14.894256422071942,21.09375,5,4,1,4,1,0.19354538917541503,35214971,355.91,5.1,|dt|>120s
etna_2022_2024,jma_wc,138,2023-06-04 17:58:55.808281600+00:00,37.736563210749374,15.03437799953324,19.21875,7,5,2,5,2,0.4504359449659075,35215251,-484.65,9.6,|dt|>120s
etna_2022_2024,jma_wc,139,2023-06-04 18:06:14.779435520+00:00,37.82710606133005,14.8454553494145,0.46875,6,5,1,5,1,0.19669270515441895,35215251,-45.68,12.0,30<|dt|<=120s
etna_2022_2024,jma_wc,141,2023-06-04 18:08:56.867964928+00:00,37.72907473982787,14.973450955575846,23.90625,8,5,3,5,3,0.2688031792640686,35215251,116.41,4.4,30<|dt|<=120s
etna_2022_2024,jma_wc,144,2023-06-04 18:20:41.972882944+00:00,37.804445353349706,15.016205082472379,17.34375,8,6,2,6,2,0.43623101711273193,35215641,-83.51,9.0,30<|dt|<=120s
etna_2022_2024,jma_wc,147,2023-06-04 18:23:44.675116544+00:00,37.78939403338988,14.979604194333401,19.21875,8,6,2,6,2,0.15536728501319885,35215701,43.54,9.4,30<|dt|<=120s
etna_2022_2024,jma_wc,148,2023-06-04 18:24:54.990267136+00:00,37.73663278931669,14.930814031345156,26.71875,5,4,1,4,1,0.057550477981567386,35215881,-27.26,3.5,5<|dt|<=30s
etna_2022_2024,jma_wc,151,2023-06-04 18:33:00.759665920+00:00,37.789338833000066,15.040567424963502,22.96875,5,4,1,4,1,0.2134376049041748,35216061,42.25,12.3,30<|dt|<=120s
etna_2022_2024,jma_wc,152,2023-06-04 18:34:31.947621888+00:00,37.81197966831215,15.022314733916842,22.03125,8,6,2,6,2,0.4328109323978424,35216061,133.44,11.8,|dt|>120s
etna_2022_2024,jma_wc,156,2023-06-04 18:39:36.086581504+00:00,37.774336968375515,14.888162251457311,22.96875,11,6,5,6,5,0.23772105303677646,35216451,55.98,2.3,30<|dt|<=120s
etna_2022_2024,jma_wc,157,2023-06-04 18:40:01.930940672+00:00,37.77433791415939,14.900352450243943,23.90625,6,5,1,5,1,0.05224605401357015,35216451,81.82,1.7,30<|dt|<=120s
etna_2022_2024,jma_wc,158,2023-06-04 18:40:21.184122368+00:00,37.77432656475597,14.955208336159039,22.96875,8,5,3,6,2,0.28014612197875977,35216451,101.07,4.5,30<|dt|<=120s
etna_2022_2024,jma_wc,159,2023-06-04 18:40:44.141645312+00:00,37.781878280437866,14.906447859325198,26.71875,7,6,1,6,1,0.14116535867963517,35216741,-80.28,2.6,30<|dt|<=120s
etna_2022_2024,jma_wc,161,2023-06-04 18:44:08.023714048+00:00,37.8495742342118,15.101691746430374,6.09375,6,5,1,5,1,0.4000027577082316,35216771,-36.48,20.3,30<|dt|<=120s
etna_2022_2024,jma_wc,164,2023-06-04 18:55:53.957738240+00:00,37.77425090223344,14.760165366938075,2.34375,5,3,2,4,1,0.12914085388183594,35217061,73.2,15.2,30<|dt|<=120s
etna_2022_2024,jma_wc,167,2023-06-04 19:10:28.991336704+00:00,37.78941674445226,14.924737182402916,25.78125,6,4,2,4,2,0.06314388910929362,35217291,26.11,3.8,5<|dt|<=30s
etna_2022_2024,instance,4,2022-08-29 19:21:34.947308800+00:00,37.721517319539444,14.80899309271302,23.90625,7,6,1,6,1,0.16642154966081893,32590491,16.06,6.9,5<|dt|<=30s
etna_2022_2024,instance,7,2022-08-29 19:25:53.227992320+00:00,37.37405816805593,14.518428027564035,29.53125,6,5,1,5,1,0.3155698776245117,32590591,82.91,42.4,30<|dt|<=120s
etna_2022_2024,instance,9,2022-08-29 19:31:38.142819584+00:00,37.729022806086476,14.772435282126304,18.28125,7,6,1,6,1,0.17582310949053084,32590721,158.93,5.1,|dt|>120s
etna_2022_2024,instance,10,2022-08-29 19:34:00.917237504+00:00,37.75171581226643,14.91863310846782,29.53125,7,6,1,6,1,0.36106749943324495,32590721,301.71,18.1,|dt|>120s
etna_2022_2024,instance,15,2022-08-29 19:43:06.873082880+00:00,37.73658776786272,14.796789957223126,25.78125,6,5,1,5,1,0.035732269287109375,32591081,78.54,7.9,30<|dt|<=120s
etna_2022_2024,instance,16,2022-08-29 19:44:36.571594240+00:00,37.721517319539444,14.80899309271302,23.90625,7,6,1,6,1,0.11372167723519462,32591411,-43.46,7.7,30<|dt|<=120s
etna_2022_2024,instance,18,2022-08-29 19:46:06.945862656+00:00,37.76665098184031,14.717518790671539,25.78125,6,5,1,5,1,0.11320030689239502,32591411,46.92,6.2,30<|dt|<=120s
etna_2022_2024,instance,23,2022-08-29 19:52:00.634561792+00:00,37.73654148717461,14.754146053979838,12.65625,7,6,1,6,1,0.15049375806535994,32591731,29.77,4.0,5<|dt|<=30s
etna_2022_2024,instance,26,2022-08-29 19:56:14.779845120+00:00,37.73657611897181,14.784605975145798,27.65625,5,4,1,4,1,0.006456995010375976,32591921,-70.91,4.3,30<|dt|<=120s
etna_2022_2024,instance,27,2022-08-29 19:56:55.141758720+00:00,37.75156051496753,14.711463324685516,24.84375,7,6,1,6,1,0.21917148998805455,32591921,-30.55,4.4,30<|dt|<=120s
etna_2022_2024,instance,34,2022-08-29 20:04:27.472507904+00:00,37.72147546913218,14.76635780976667,25.78125,7,6,1,6,1,0.13100072315761022,32592331,26.96,3.8,5<|dt|<=30s
etna_2022_2024,instance,36,2022-08-29 20:06:16.040417792+00:00,37.72144463204686,14.741994835768592,24.84375,7,6,1,6,1,0.17371491023472377,32592421,-17.12,1.9,5<|dt|<=30s
etna_2022_2024,instance,39,2022-08-29 20:09:30.649112576+00:00,37.721436136123664,14.735904098310938,25.78125,6,4,2,5,1,0.13464228312174478,32592591,-48.06,1.3,30<|dt|<=120s
etna_2022_2024,instance,41,2022-08-29 20:11:04.944447488+00:00,37.713848537859135,14.705470513851848,22.96875,6,5,1,5,1,0.14898622035980225,32592591,46.23,3.8,30<|dt|<=120s
etna_2022_2024,instance,44,2022-08-29 20:13:53.515891712+00:00,37.72899321965258,14.74806982897467,20.15625,7,6,1,6,1,0.14594401632036483,32592921,-57.62,1.9,30<|dt|<=120s
etna_2022_2024,instance,50,2022-08-29 20:29:44.961756928+00:00,37.728593177657366,14.559239341551558,6.09375,5,4,1,4,1,0.14429359436035155,32593271,97.12,14.2,30<|dt|<=120s
etna_2022_2024,instance,52,2022-08-29 20:32:02.599147264+00:00,37.71393504699285,14.766371698809756,25.78125,7,6,1,6,1,0.1404745238167899,32593471,-5.45,6.7,5<|dt|<=30s
etna_2022_2024,instance,54,2022-08-29 20:40:15.549779968+00:00,37.72909551336274,14.906445694763631,25.78125,7,6,1,6,1,0.2064357144492013,32593821,-88.28,15.4,30<|dt|<=120s
etna_2022_2024,instance,56,2022-08-29 20:44:38.341897216+00:00,37.71387779363275,14.723740841320863,22.96875,6,5,1,5,1,0.1337804396947225,32593901,74.6,1.5,30<|dt|<=120s
etna_2022_2024,instance,58,2022-08-29 20:47:24.152764416+00:00,37.72909551336274,14.906445694763631,22.96875,6,5,1,5,1,0.34259239832560223,32594011,45.3,16.8,30<|dt|<=120s
etna_2022_2024,instance,60,2022-08-29 20:54:54.606680320+00:00,37.76675467429685,14.802841141083176,26.71875,9,6,3,6,3,0.3092212412092421,32594141,163.42,8.1,|dt|>120s
etna_2022_2024,instance,61,2022-08-29 20:55:49.714693376+00:00,37.7215012716284,14.790720817883605,25.78125,7,6,1,6,1,0.1002445902143206,32594141,218.52,4.6,|dt|>120s
etna_2022_2024,instance,62,2022-08-29 20:59:45.424846080+00:00,37.75152932965338,15.113616250606105,14.53125,5,4,1,4,1,0.1075477123260498,32594301,-147.29,34.9,|dt|>120s
etna_2022_2024,instance,64,2022-08-29 21:02:58.606793728+00:00,37.72147546913218,14.76635780976667,25.78125,7,6,1,6,1,0.11532354354858398,32594351,-42.24,3.8,30<|dt|<=120s
etna_2022_2024,instance,67,2022-08-29 21:09:00.121906432+00:00,37.744175407552184,14.918631562929427,23.90625,5,4,1,4,1,0.05794200897216797,32594411,64.67,14.8,30<|dt|<=120s
etna_2022_2024,instance,80,2022-08-29 21:55:06.377681664+00:00,37.721408760396095,14.717631901954803,24.84375,7,6,1,6,1,0.14195500101361955,32595171,50.46,1.8,30<|dt|<=120s
etna_2022_2024,instance,81,2022-08-29 21:55:30.911756544+00:00,37.744138561851614,14.808964367197287,25.78125,8,6,2,6,2,0.17805448174476624,32595171,74.99,7.0,30<|dt|<=120s
etna_2022_2024,instance,85,2022-08-29 22:05:05.103379968+00:00,37.729022806086476,14.772435282126304,23.90625,7,6,1,6,1,0.12541770935058594,32595551,-104.8,2.6,30<|dt|<=120s
etna_2022_2024,instance,86,2022-08-29 22:05:30.777892352+00:00,37.73651693011891,14.735870128407237,22.03125,6,4,2,4,2,0.14045464992523193,32595551,-79.12,1.5,30<|dt|<=120s
etna_2022_2024,instance,87,2022-08-29 22:08:35.150196736+00:00,37.729047356565346,14.79680076789333,25.78125,7,6,1,6,1,0.1279571396963937,32595621,-67.84,3.6,30<|dt|<=120s
etna_2022_2024,instance,88,2022-08-29 22:09:17.048829440+00:00,37.72902941582778,14.778526650747395,24.84375,7,6,1,6,1,0.1373802593776158,32595621,-25.94,2.2,5<|dt|<=30s
etna_2022_2024,instance,92,2022-08-29 22:13:45.863756544+00:00,37.72905270731481,14.80289214372016,24.84375,7,6,1,6,1,0.17315452439444406,32595741,49.29,4.7,30<|dt|<=120s
etna_2022_2024,instance,93,2023-06-04 16:22:45.056278528+00:00,37.75920327208975,15.016136345530056,29.53125,6,5,1,5,1,0.4568343957265218,35212381,-85.22,7.3,30<|dt|<=120s
etna_2022_2024,instance,94,2023-06-04 16:23:16.004366592+00:00,37.812039333114505,14.894252703776676,29.53125,6,5,1,5,1,0.11608382066090901,35212381,-54.28,7.2,30<|dt|<=120s
etna_2022_2024,instance,97,2023-06-04 16:25:36.650929664+00:00,37.91003831634127,14.979728461536308,23.90625,5,4,1,4,1,0.08848609924316406,35212531,-24.29,18.5,5<|dt|<=30s
etna_2022_2024,instance,100,2023-06-04 16:27:01.266307328+00:00,37.75920894371357,15.010042498986028,27.65625,5,3,2,3,2,0.22531428337097167,35212581,41.59,9.6,30<|dt|<=120s
etna_2022_2024,instance,101,2023-06-04 16:27:35.201191680+00:00,37.9401695058749,15.016412218743868,22.03125,6,5,1,5,1,0.2021019458770752,35212711,-45.33,22.1,30<|dt|<=120s
etna_2022_2024,instance,103,2023-06-04 16:30:35.247688704+00:00,37.78187165816338,14.943022166901615,27.65625,9,6,3,6,3,0.13230850961473253,35212781,-66.27,4.9,30<|dt|<=120s
etna_2022_2024,instance,107,2023-06-04 16:34:34.116221184+00:00,37.781869450739045,14.857682116777353,23.90625,7,6,1,6,1,0.1972719601222447,35212931,99.67,4.3,30<|dt|<=120s
etna_2022_2024,instance,108,2023-06-04 16:35:37.932000768+00:00,37.7743360225917,14.882067152372871,24.84375,10,6,4,6,4,0.28690619468688966,35212931,163.48,2.2,|dt|>120s
etna_2022_2024,instance,109,2023-06-04 16:36:34.547949824+00:00,37.781878280437866,14.906447859325198,27.65625,8,6,2,6,2,0.18009641766548157,35213221,-191.01,1.9,|dt|>120s
etna_2022_2024,instance,110,2023-06-04 16:38:04.086028800+00:00,37.78940728150642,14.851581136534744,28.59375,8,6,2,6,2,0.25425419211387634,35213221,-101.47,5.3,30<|dt|<=120s
etna_2022_2024,instance,111,2023-06-04 16:39:28.790812672+00:00,37.81955123142434,14.985734001395857,22.96875,6,5,1,5,1,0.20075050989786783,35213221,-16.77,9.4,5<|dt|<=30s
etna_2022_2024,instance,113,2023-06-04 16:42:34.018800384+00:00,37.774331293673264,14.943018142504487,27.65625,8,6,2,6,2,0.10732528567314148,35213361,-83.56,2.2,30<|dt|<=120s
etna_2022_2024,instance,115,2023-06-04 16:45:05.843248384+00:00,37.9251002933091,15.00417411168643,25.78125,5,4,1,4,1,0.09589920043945313,35213451,-55.11,20.2,30<|dt|<=120s
etna_2022_2024,instance,116,2023-06-04 16:45:12.089694208+00:00,37.77432656475597,14.955208336159039,22.03125,12,6,6,6,6,0.3064262866973877,35213451,-48.86,3.9,30<|dt|<=120s
etna_2022_2024,instance,119,2023-06-04 16:48:30.726165248+00:00,38.13566065557479,14.526711319434241,0.46875,5,3,2,4,1,0.3838911533355713,35213541,69.46,55.3,30<|dt|<=120s
etna_2022_2024,instance,121,2023-06-04 16:52:54.556925184+00:00,37.81203964880176,14.90035090124302,25.78125,9,6,3,6,3,0.32033491134643555,35213661,174.0,6.4,|dt|>120s
etna_2022_2024,instance,122,2023-06-04 16:54:56.187129856+00:00,37.78941863704198,14.906448169009815,29.53125,7,6,1,6,1,0.1101639951978411,35213971,-253.33,4.3,|dt|>120s
etna_2022_2024,instance,123,2023-06-04 16:55:14.672515328+00:00,37.79695425121924,14.936933264292831,23.90625,5,3,2,3,2,0.18548030853271485,35213971,-234.85,5.4,|dt|>120s
etna_2022_2024,instance,124,2023-06-04 16:56:13.574206976+00:00,37.78941548272589,14.930833519661636,25.78125,8,5,3,5,3,0.16995441913604736,35213971,-175.95,4.4,|dt|>120s
etna_2022_2024,instance,125,2023-06-04 16:57:44.621021184+00:00,37.77433791415939,14.900352450243943,25.78125,6,5,1,5,1,0.15497040748596191,35213971,-84.9,2.8,30<|dt|<=120s
etna_2022_2024,instance,127,2023-06-04 17:00:32.574035712+00:00,37.79695014950189,14.857672824511294,24.84375,8,6,2,6,2,0.28383389115333557,35213971,83.05,7.1,30<|dt|<=120s
etna_2022_2024,instance,129,2023-06-04 17:06:23.600203008+00:00,37.789409804958204,14.949122528489267,22.96875,7,4,3,5,2,0.35679732050214497,35214201,71.09,4.7,30<|dt|<=120s
etna_2022_2024,instance,131,2023-06-04 17:14:18.484068096+00:00,37.78938078528224,14.997893180333737,23.90625,6,5,1,5,1,0.028884410858154297,35214371,-87.44,6.3,30<|dt|<=120s
etna_2022_2024,instance,134,2023-06-04 17:25:01.835104+00:00,37.796958983971095,14.900351521190043,23.90625,7,5,2,5,2,0.10001250675746373,35214531,-115.47,5.8,30<|dt|<=120s
etna_2022_2024,instance,136,2023-06-04 17:33:20.337009408+00:00,37.759248330035085,14.949103957812826,25.78125,7,5,2,5,2,0.16177327292306082,35214671,-235.98,3.0,|dt|>120s
etna_2022_2024,instance,139,2023-06-04 17:44:47.848429312+00:00,37.781877334398516,14.918639296388303,25.78125,8,6,2,6,2,0.09266161918640137,35214811,38.36,3.3,30<|dt|<=120s
etna_2022_2024,instance,140,2023-06-04 17:46:06.510394112+00:00,37.804487959554436,14.955229398626912,24.84375,8,6,2,6,2,0.17428290843963623,35214921,-91.12,7.3,30<|dt|<=120s
etna_2022_2024,instance,143,2023-06-04 17:52:04.195108352+00:00,37.79693815987144,14.973514988555603,24.84375,7,6,1,6,1,0.15452722140720912,35214971,77.0,6.2,30<|dt|<=120s
etna_2022_2024,instance,144,2023-06-04 17:56:42.085639936+00:00,37.78941832161034,14.912544506981892,27.65625,6,4,2,4,2,0.02193582057952881,35214971,354.89,4.9,|dt|>120s
etna_2022_2024,instance,145,2023-06-04 17:58:53.918794752+00:00,37.88733951684735,15.05906221327711,0.46875,6,5,1,5,1,0.22669204076131186,35215251,-486.54,20.2,|dt|>120s
etna_2022_2024,instance,147,2023-06-04 18:08:57.574113024+00:00,37.81203964880176,14.90035090124302,23.90625,6,5,1,5,1,0.2928183078765869,35215251,117.11,8.4,30<|dt|<=120s
etna_2022_2024,instance,150,2023-06-04 18:20:40.477414400+00:00,37.73663404865953,14.924722024822202,24.84375,7,5,2,5,2,0.26499697140284945,35215641,-85.0,2.3,30<|dt|<=120s
etna_2022_2024,instance,154,2023-06-04 18:23:43.837401600+00:00,37.78938078528224,14.997893180333737,23.90625,6,5,1,5,1,0.16444889704386392,35215701,42.7,10.8,30<|dt|<=120s
etna_2022_2024,instance,157,2023-06-04 18:34:31.417938432+00:00,37.781878280437866,14.900352140674801,26.71875,6,4,2,4,2,0.13121418158213297,35216061,132.91,2.7,|dt|>120s
etna_2022_2024,instance,158,2023-06-04 18:35:09.056968192+00:00,37.82686127324862,15.150426197504288,22.03125,7,6,1,6,1,0.17897987365722656,35216171,-120.57,24.0,|dt|>120s
etna_2022_2024,instance,162,2023-06-04 18:39:35.892966144+00:00,37.76679564715035,14.924730681451408,23.90625,10,6,4,6,4,0.2111865520477295,35216451,55.78,1.7,30<|dt|<=120s
etna_2022_2024,instance,163,2023-06-04 18:40:01.490455040+00:00,37.7818763883592,14.924735014610857,26.71875,7,5,2,5,2,0.10110061509268624,35216451,81.38,2.9,30<|dt|<=120s
etna_2022_2024,instance,164,2023-06-04 18:40:21.044322304+00:00,37.75925053567141,14.94301009821139,23.90625,8,6,2,6,2,0.15626391768455505,35216451,100.93,3.2,30<|dt|<=120s
etna_2022_2024,instance,165,2023-06-04 18:40:44.043303680+00:00,37.781875126973546,14.930830732500645,26.71875,7,6,1,6,1,0.05402605874197824,35216741,-80.38,3.4,30<|dt|<=120s
etna_2022_2024,instance,167,2023-06-04 18:44:07.854377984+00:00,37.8495742342118,15.101691746430374,7.03125,7,6,1,6,1,0.4252845559801374,35216771,-36.65,20.3,30<|dt|<=120s
etna_2022_2024,instance,169,2023-06-04 18:49:29.405019136+00:00,37.78187355024158,14.936926449962591,26.71875,7,6,1,6,1,0.08879419735499791,35216771,284.91,4.4,|dt|>120s
etna_2022_2024,quakescope2026,4,2022-08-29 19:21:34.510643456+00:00,37.728985036178706,14.741978471493994,24.84375,7,5,2,5,2,0.07089740889413017,32590491,15.62,1.6,5<|dt|<=30s
etna_2022_2024,quakescope2026,7,2022-08-29 19:25:17.293133824+00:00,37.72903571082156,14.78461802131214,10.78125,6,5,1,5,1,0.019529263178507488,32590591,46.97,4.8,30<|dt|<=120s
etna_2022_2024,quakescope2026,8,2022-08-29 19:25:53.409446656+00:00,37.37405816805593,14.518428027564035,29.53125,5,4,1,4,1,0.20093841552734376,32590591,83.09,42.4,30<|dt|<=120s
etna_2022_2024,quakescope2026,10,2022-08-29 19:30:21.207896832+00:00,37.69122728352253,14.705530654507452,22.03125,5,4,1,4,1,0.054715728759765624,32590721,82.0,2.7,30<|dt|<=120s
etna_2022_2024,quakescope2026,11,2022-08-29 19:34:00.944380160+00:00,37.75171581226643,14.91863310846782,29.53125,7,6,1,6,1,0.3361696856362479,32590721,301.73,18.1,|dt|>120s
etna_2022_2024,quakescope2026,16,2022-08-29 19:43:06.795132416+00:00,37.744116517448305,14.784593924486634,25.78125,6,4,2,4,2,0.030336419741312664,32591081,78.47,7.2,30<|dt|<=120s
etna_2022_2024,quakescope2026,17,2022-08-29 19:44:36.386671616+00:00,37.721506935595514,14.796811574533107,24.84375,7,6,1,6,1,0.11814154897417341,32591411,-43.64,6.6,30<|dt|<=120s
etna_2022_2024,quakescope2026,19,2022-08-29 19:46:07.956752896+00:00,37.721517319539444,14.80899309271302,22.96875,6,4,2,5,1,0.17806478341420492,32591411,47.93,7.7,30<|dt|<=120s
etna_2022_2024,quakescope2026,23,2022-08-29 19:52:00.973982464+00:00,37.73654148717461,14.754146053979838,8.90625,6,5,1,5,1,0.1259702444076538,32591731,30.11,4.0,30<|dt|<=120s
etna_2022_2024,quakescope2026,31,2022-08-29 20:04:27.511079424+00:00,37.72147546913218,14.76635780976667,25.78125,7,6,1,6,1,0.11875588553292411,32592331,27.0,3.8,5<|dt|<=30s
etna_2022_2024,quakescope2026,33,2022-08-29 20:06:16.096793600+00:00,37.72147546913218,14.76635780976667,25.78125,7,6,1,6,1,0.16049657549176896,32592421,-17.06,3.6,5<|dt|<=30s
etna_2022_2024,quakescope2026,36,2022-08-29 20:09:17.591166464+00:00,37.351435985400585,14.518543575523465,29.53125,6,4,2,4,2,0.25703124205271405,32592591,-61.12,45.3,30<|dt|<=120s
etna_2022_2024,quakescope2026,38,2022-08-29 20:11:05.420448768+00:00,37.71398600891487,14.821182950222179,24.84375,7,6,1,6,1,0.1319164548601423,32592591,46.71,6.4,30<|dt|<=120s
etna_2022_2024,quakescope2026,41,2022-08-29 20:13:52.817799424+00:00,37.72899321965258,14.74806982897467,24.84375,8,6,2,6,2,0.18156862258911133,32592921,-58.32,1.9,30<|dt|<=120s
etna_2022_2024,quakescope2026,45,2022-08-29 20:32:02.904745472+00:00,37.73663593767395,14.90644600364088,26.71875,5,4,1,4,1,0.14519090652465821,32593471,-5.15,19.2,5<|dt|<=30s
etna_2022_2024,quakescope2026,47,2022-08-29 20:40:15.659340288+00:00,37.721512284899276,14.802902332841171,24.84375,7,5,2,5,2,0.1661895683833531,32593821,-88.17,6.3,30<|dt|<=120s
etna_2022_2024,quakescope2026,51,2022-08-29 20:54:54.246353152+00:00,37.729022806086476,14.772435282126304,27.65625,7,6,1,6,1,0.10026655878339495,32594141,163.06,3.3,|dt|>120s
etna_2022_2024,quakescope2026,52,2022-08-29 21:00:26.813076736+00:00,37.74417635231463,14.906446312633328,25.78125,5,4,1,4,1,0.1055992603302002,32594301,-105.9,16.8,30<|dt|<=120s
etna_2022_2024,quakescope2026,54,2022-08-29 21:02:59.148092416+00:00,37.72897653795943,14.73588711652583,21.09375,7,6,1,6,1,0.1512927327837263,32594351,-41.7,2.3,30<|dt|<=120s
etna_2022_2024,quakescope2026,66,2022-08-29 21:55:30.916756992+00:00,37.744138561851614,14.808964367197287,25.78125,8,6,2,6,2,0.17119231820106506,32595171,75.0,7.0,30<|dt|<=120s
etna_2022_2024,quakescope2026,70,2022-08-29 22:05:30.833024+00:00,37.73654148717461,14.754146053979838,22.03125,8,6,2,6,2,0.21376535296440125,32595551,-79.07,1.7,30<|dt|<=120s
etna_2022_2024,quakescope2026,71,2022-08-29 22:08:35.256504064+00:00,37.751668561437484,14.796768323785045,25.78125,7,5,2,5,2,0.18725275993347168,32595621,-67.73,5.1,30<|dt|<=120s
etna_2022_2024,quakescope2026,74,2022-08-29 22:12:29.785137152+00:00,37.73654148717461,14.754146053979838,23.90625,5,4,1,4,1,0.031426429748535156,32595651,26.37,3.8,5<|dt|<=30s
etna_2022_2024,quakescope2026,76,2022-08-29 22:13:45.603569920+00:00,37.70630812942361,14.705490568212173,22.03125,8,6,2,6,2,0.2283620536327362,32595741,49.03,4.3,30<|dt|<=120s
etna_2022_2024,quakescope2026,79,2023-06-04 16:25:36.783764224+00:00,37.81955123142434,14.985734001395857,24.84375,7,5,2,5,2,0.11146409170968193,35212531,-24.16,8.7,5<|dt|<=30s
etna_2022_2024,quakescope2026,82,2023-06-04 16:26:46.237248512+00:00,37.77433476154667,14.930827946378933,21.09375,8,5,3,5,3,0.21624764800071716,35212581,26.56,4.2,5<|dt|<=30s
etna_2022_2024,quakescope2026,83,2023-06-04 16:27:35.498433792+00:00,37.789409804958204,14.949122528489267,26.71875,6,5,1,5,1,0.058455983797709145,35212711,-45.03,4.3,30<|dt|<=120s
etna_2022_2024,quakescope2026,85,2023-06-04 16:30:35.760510208+00:00,37.759239822582984,14.967385531963938,23.90625,9,6,3,6,3,0.1587135526869032,35212781,-65.76,5.8,30<|dt|<=120s
etna_2022_2024,quakescope2026,89,2023-06-04 16:33:38.371490816+00:00,37.75923257549703,14.979573243237391,22.03125,7,3,4,5,2,0.24180190903799875,35212931,43.92,7.2,30<|dt|<=120s
etna_2022_2024,quakescope2026,90,2023-06-04 16:34:33.721645568+00:00,37.781878280437866,14.906447859325198,26.71875,7,6,1,6,1,0.18630170822143555,35212931,99.27,2.6,30<|dt|<=120s
etna_2022_2024,quakescope2026,91,2023-06-04 16:35:39.584176896+00:00,37.80437118721279,15.077180590218573,9.84375,9,5,4,5,4,0.27505048116048175,35212931,165.13,16.5,|dt|>120s
etna_2022_2024,quakescope2026,92,2023-06-04 16:36:34.829048832+00:00,37.79695235811883,14.943030220200011,26.71875,5,3,2,3,2,0.05606236457824707,35213221,-190.73,4.9,|dt|>120s
etna_2022_2024,quakescope2026,93,2023-06-04 16:37:06.492760064+00:00,37.78941863704198,14.906448169009815,28.59375,5,3,2,4,1,0.03180041313171387,35213221,-159.07,2.7,|dt|>120s
etna_2022_2024,quakescope2026,94,2023-06-04 16:38:05.147624960+00:00,37.812015025210286,14.979627437975669,23.90625,7,5,2,5,2,0.1416935920715332,35213221,-100.41,8.5,30<|dt|<=120s
etna_2022_2024,quakescope2026,95,2023-06-04 16:39:28.313826304+00:00,37.83428902793379,15.199251053276665,0.46875,6,5,1,5,1,0.34730247656504315,35213221,-17.25,27.1,5<|dt|<=30s
etna_2022_2024,quakescope2026,97,2023-06-04 16:42:33.745621504+00:00,37.774337598898086,14.894257350779348,29.53125,9,6,3,6,3,0.1491507954067654,35213361,-83.83,3.5,30<|dt|<=120s
etna_2022_2024,quakescope2026,99,2023-06-04 16:44:40.702107392+00:00,37.77433791415939,14.900352450243943,26.71875,6,5,1,5,1,0.09503384431203206,35213361,43.12,3.0,30<|dt|<=120s
etna_2022_2024,quakescope2026,100,2023-06-04 16:45:12.648054016+00:00,37.78166826081586,15.125892960341947,0.46875,7,4,3,6,1,0.4800680364881243,35213451,-48.3,18.6,30<|dt|<=120s
etna_2022_2024,quakescope2026,103,2023-06-04 16:48:34.568864+00:00,37.706387381811865,14.760296070077851,29.53125,5,4,1,4,1,0.33109683990478517,35213541,73.3,15.0,30<|dt|<=120s
etna_2022_2024,quakescope2026,105,2023-06-04 16:51:46.913925632+00:00,37.759257152581895,14.900353069035983,21.09375,5,4,1,4,1,0.06644515991210938,35213661,106.35,1.8,30<|dt|<=120s
etna_2022_2024,quakescope2026,106,2023-06-04 16:52:54.624055040+00:00,37.78187355024158,14.936926449962591,24.84375,7,4,3,4,3,0.10491211073739189,35213661,174.06,3.1,|dt|>120s
etna_2022_2024,quakescope2026,107,2023-06-04 16:53:40.896285952+00:00,37.78931612202738,15.058856356749244,13.59375,6,4,2,4,2,0.1250836451848348,35213661,220.34,12.6,|dt|>120s
etna_2022_2024,quakescope2026,108,2023-06-04 16:54:53.255353088+00:00,37.74354148215175,15.290277655450964,29.53125,7,6,1,6,1,0.4974391460418701,35213971,-256.26,33.0,|dt|>120s
etna_2022_2024,quakescope2026,109,2023-06-04 16:55:15.087763968+00:00,37.789409804958204,14.949122528489267,21.09375,6,3,3,4,2,0.22219804922739664,35213971,-234.43,5.1,|dt|>120s
etna_2022_2024,quakescope2026,110,2023-06-04 16:56:14.120787456+00:00,37.78184958393118,14.98569216284669,21.09375,7,4,3,4,3,0.2646515369415283,35213971,-175.4,7.0,|dt|>120s
etna_2022_2024,quakescope2026,113,2023-06-04 17:06:24.071255296+00:00,37.79689903586488,15.022290556076161,19.21875,8,6,2,6,2,0.35578781366348267,35214201,71.56,10.1,30<|dt|<=120s
etna_2022_2024,quakescope2026,115,2023-06-04 17:13:33.384815104+00:00,37.96267658327529,14.704804506404702,27.65625,5,3,2,3,2,0.5174111366271973,35214371,-132.54,32.4,|dt|>120s
etna_2022_2024,quakescope2026,116,2023-06-04 17:14:18.462560768+00:00,37.78183539336637,15.003979286614642,23.90625,7,5,2,5,2,0.05481260163443429,35214371,-87.46,6.1,30<|dt|<=120s
etna_2022_2024,quakescope2026,119,2023-06-04 17:25:01.649307136+00:00,37.81197966831215,15.022314733916842,22.96875,8,6,2,6,2,0.1626068353652954,35214531,-115.66,10.7,30<|dt|<=120s
etna_2022_2024,quakescope2026,121,2023-06-04 17:33:20.274218752+00:00,37.78183539336637,15.003979286614642,25.78125,8,6,2,6,2,0.12241199612617493,35214671,-236.05,8.5,|dt|>120s
etna_2022_2024,quakescope2026,124,2023-06-04 17:44:48.056845056+00:00,37.78941863704198,14.900351830990184,24.84375,9,6,3,6,3,0.12118358082241482,35214811,38.57,3.8,30<|dt|<=120s
etna_2022_2024,quakescope2026,125,2023-06-04 17:46:06.754868992+00:00,37.789375738386425,15.00398950617881,21.09375,9,6,3,6,3,0.2267659240298801,35214921,-90.88,10.0,30<|dt|<=120s
etna_2022_2024,quakescope2026,127,2023-06-04 17:49:02.356186112+00:00,37.804487959554436,14.955229398626912,23.90625,6,4,2,4,2,0.1074601411819458,35214921,84.73,7.3,30<|dt|<=120s
etna_2022_2024,quakescope2026,129,2023-06-04 17:52:05.377181952+00:00,37.81950007641809,15.040623219913208,17.34375,8,6,2,6,2,0.3311608135700226,35214971,78.18,12.1,30<|dt|<=120s
etna_2022_2024,quakescope2026,130,2023-06-04 17:56:42.882992640+00:00,37.77431710692477,14.833306379655424,21.09375,6,5,1,5,1,0.08590606848398845,35214971,355.68,9.4,|dt|>120s
etna_2022_2024,quakescope2026,131,2023-06-04 17:58:55.823995904+00:00,37.736563210749374,15.03437799953324,19.21875,7,5,2,5,2,0.4381911414010184,35215251,-484.64,9.6,|dt|>120s
etna_2022_2024,quakescope2026,132,2023-06-04 18:01:28.142459648+00:00,37.872233475313074,15.077339872522618,18.28125,5,4,1,4,1,0.28228211402893066,35215251,-332.32,19.9,|dt|>120s
etna_2022_2024,quakescope2026,133,2023-06-04 18:06:11.405288448+00:00,37.77429503866963,15.003969070861151,25.78125,6,4,2,5,1,0.1282181739807129,35215251,-49.05,7.9,30<|dt|<=120s
etna_2022_2024,quakescope2026,135,2023-06-04 18:08:57.150246912+00:00,37.751622255734986,15.052684232743237,20.15625,7,5,2,5,2,0.3063722678593227,35215251,116.69,11.3,30<|dt|<=120s
etna_2022_2024,quakescope2026,138,2023-06-04 18:20:40.809750528+00:00,37.751710142160974,14.943006078314234,23.90625,8,5,3,5,3,0.25548839569091797,35215641,-84.67,0.8,30<|dt|<=120s
etna_2022_2024,quakescope2026,142,2023-06-04 18:23:44.840395520+00:00,37.79692585473198,14.991805837199273,18.28125,7,5,2,5,2,0.17822728838239396,35215701,43.7,10.7,30<|dt|<=120s
etna_2022_2024,quakescope2026,145,2023-06-04 18:33:00.711761920+00:00,37.789331578103166,15.04666373782561,22.96875,5,4,1,4,1,0.23050532341003419,35216061,42.2,12.8,30<|dt|<=120s
etna_2022_2024,quakescope2026,146,2023-06-04 18:34:31.837688064+00:00,37.78179849794567,15.04055348922727,22.03125,7,5,2,5,2,0.2982637201036726,35216061,133.33,12.1,|dt|>120s
etna_2022_2024,quakescope2026,150,2023-06-04 18:39:36.103151872+00:00,37.759257152581895,14.906446930964016,22.96875,10,6,4,6,4,0.23899521827697753,35216451,55.99,0.1,30<|dt|<=120s
etna_2022_2024,quakescope2026,151,2023-06-04 18:40:04.333293824+00:00,37.79691607372917,15.003999729555161,6.09375,6,4,2,4,2,0.4849669933319092,35216451,84.22,9.4,30<|dt|<=120s
etna_2022_2024,quakescope2026,152,2023-06-04 18:40:20.983407616+00:00,37.77432656475597,14.955208336159039,23.90625,8,5,3,6,2,0.2757163643836975,35216451,100.87,4.5,30<|dt|<=120s
etna_2022_2024,quakescope2026,153,2023-06-04 18:40:44.151324928+00:00,37.781866927968686,14.955213598830609,25.78125,7,6,1,6,1,0.046511752264840264,35216741,-80.27,5.0,30<|dt|<=120s
etna_2022_2024,quakescope2026,155,2023-06-04 18:44:07.760256+00:00,37.842023571226164,15.107772185137861,7.03125,7,6,1,6,1,0.45891901424952913,35216771,-36.74,20.3,30<|dt|<=120s
corinth_thiva_2020,jma_wc,2,2021-01-21 15:10:52.368710400+00:00,38.13757356029167,22.35516866931682,24.8046875,5,3,2,3,2,0.16332793235778809,noa2021blsgx,98.56,106.4,30<|dt|<=120s
corinth_thiva_2020,jma_wc,3,2021-01-21 15:11:42.132268544+00:00,38.1400124873462,23.605328123244817,11.9140625,5,3,2,3,2,0.0844536304473877,noa2021blskj,-95.91,7.5,30<|dt|<=120s
corinth_thiva_2020,jma_wc,5,2021-01-21 15:23:43.246192896+00:00,38.18792901783255,23.660448207988267,3.3203125,6,3,3,4,2,0.3175168037414551,noa2021blskj,625.2,14.6,|dt|>120s
corinth_thiva_2020,jma_wc,8,2021-01-21 15:49:32.618850048+00:00,38.397949945655014,22.00005654130644,4.8828125,8,5,3,5,3,0.4783807396888733,noa2021bltwb,-460.8,141.8,|dt|>120s
corinth_thiva_2020,jma_wc,12,2021-01-21 16:10:45.454343168+00:00,38.12947565705606,23.652439474623474,0.1953125,5,3,2,3,2,0.18166494369506836,noa2021blugb,113.56,9.1,30<|dt|<=120s
corinth_thiva_2020,jma_wc,13,2021-01-21 16:48:23.645065728+00:00,38.47360507251971,22.422796713781278,0.1953125,5,3,2,3,2,0.460209321975708,noa2021blvdw,707.51,132.8,|dt|>120s
corinth_thiva_2020,jma_wc,16,2021-03-23 17:17:09.454514688+00:00,38.06346533422531,22.264787545390327,12.6953125,6,3,3,4,2,0.24285268783569336,noa2021ftiva,-23.38,3.4,5<|dt|<=30s
corinth_thiva_2020,jma_wc,18,2021-03-23 17:20:15.910951168+00:00,38.025301765325054,22.26502963613911,15.0390625,5,3,2,3,2,0.04227027893066406,noa2021ftiva,163.07,6.5,|dt|>120s
corinth_thiva_2020,jma_wc,19,2021-03-23 17:21:30.135120896+00:00,38.07126289311962,22.308307813437168,6.0546875,9,5,4,5,4,0.13248602549235025,noa2021ftiva,237.3,1.0,|dt|>120s
corinth_thiva_2020,jma_wc,20,2021-03-23 17:23:25.445469184+00:00,38.13499392158868,22.34427997543591,0.1953125,5,3,2,3,2,0.14020075798034667,noa2021ftiva,352.61,7.5,|dt|>120s
corinth_thiva_2020,jma_wc,21,2021-03-23 17:23:57.468756480+00:00,38.18095700220631,22.39858089226414,0.1953125,5,3,2,3,2,0.5370033264160157,noa2021ftiva,384.63,14.5,|dt|>120s
corinth_thiva_2020,jma_wc,22,2021-03-23 17:33:07.988956928+00:00,37.889849057579326,22.131875772464234,0.1953125,5,3,2,3,2,0.05142970085144043,noa2021ftiva,935.15,25.5,|dt|>120s
corinth_thiva_2020,jma_wc,23,2021-03-23 17:34:04.112423424+00:00,38.076186468362415,22.264706746776277,14.6484375,7,5,2,5,2,0.24148498262677873,noa2021ftiva,991.27,3.0,|dt|>120s
corinth_thiva_2020,jma_wc,24,2021-03-23 17:37:59.936373248+00:00,37.98441321756723,22.221770189872593,15.0390625,5,3,2,3,2,0.02994856834411621,noa2021ftiva,1227.1,12.3,|dt|>120s
corinth_thiva_2020,jma_wc,25,2021-03-23 17:41:25.828097280+00:00,38.03802298270357,22.264948990037492,15.8203125,6,4,2,4,2,0.10772581895192464,noa2021ftiva,1432.99,5.3,|dt|>120s
corinth_thiva_2020,jma_wc,26,2021-03-23 17:42:28.186940928+00:00,38.08654133841337,22.31185136886022,12.6953125,8,5,3,5,3,0.3194812834262848,noa2021ftkkh,-1392.12,3.4,|dt|>120s
corinth_thiva_2020,jma_wc,27,2021-03-23 17:44:09.200557568+00:00,38.0838191355233,22.264658243175145,15.8203125,8,5,3,5,3,0.32840558886528015,noa2021ftkkh,-1291.11,3.7,|dt|>120s
corinth_thiva_2020,jma_wc,28,2021-03-23 17:46:30.594477056+00:00,38.04056722285009,22.264932854721877,12.6953125,5,3,2,3,2,0.014466142654418946,noa2021ftkkh,-1149.71,3.3,|dt|>120s
corinth_thiva_2020,jma_wc,29,2021-03-23 17:48:47.320670720+00:00,38.0712231883827,22.297415595089802,12.3046875,8,5,3,5,3,0.2563231289386749,noa2021ftkkh,-1012.99,1.3,|dt|>120s
corinth_thiva_2020,jma_wc,30,2021-03-23 17:52:05.417864448+00:00,37.8873414656479,22.139139589149185,1.7578125,5,3,2,3,2,0.011660099029541016,noa2021ftkkh,-814.89,23.5,|dt|>120s
corinth_thiva_2020,jma_wc,31,2021-03-23 17:58:56.543996928+00:00,38.07364224375516,22.264722910570473,15.8203125,7,5,2,5,2,0.2877206802368164,noa2021ftkkh,-403.76,3.0,|dt|>120s
corinth_thiva_2020,jma_wc,32,2021-03-23 18:00:49.164269824+00:00,38.17075928919379,22.39135574124501,0.1953125,5,3,2,3,2,0.46091933250427247,noa2021ftkkh,-291.14,15.0,|dt|>120s
corinth_thiva_2020,jma_wc,34,2021-03-23 18:06:46.040708608+00:00,38.0328908165508,22.25409477959094,15.4296875,8,5,3,5,3,0.24831759929656982,noa2021ftkkh,65.73,4.6,30<|dt|<=120s
corinth_thiva_2020,jma_wc,35,2021-03-23 18:10:19.651487232+00:00,38.10435096174666,22.311749565324963,6.4453125,8,5,3,5,3,0.12202838063240051,noa2021ftkqj,-155.9,2.5,|dt|>120s
corinth_thiva_2020,jma_wc,36,2021-03-23 18:11:45.032275968+00:00,37.93840325882837,22.174972647262855,11.5234375,5,3,2,3,2,0.0201291561126709,noa2021ftkqj,-70.52,20.7,30<|dt|<=120s
corinth_thiva_2020,jma_wc,38,2021-03-23 18:14:01.053145344+00:00,38.083984085548884,22.30823453175509,5.6640625,8,5,3,5,3,0.1686551868915558,noa2021ftkqj,65.5,1.3,30<|dt|<=120s
corinth_thiva_2020,jma_wc,39,2021-03-23 18:15:56.877078784+00:00,37.984459843316955,22.232649446359066,16.6015625,7,5,2,5,2,0.18812690462384904,noa2021ftkqj,181.33,13.6,|dt|>120s
corinth_thiva_2020,jma_wc,40,2021-03-23 18:16:56.321805056+00:00,38.04565569981373,22.26490057799316,15.0390625,8,6,2,6,2,0.08951148390769958,noa2021ftkqj,240.77,6.6,|dt|>120s
corinth_thiva_2020,jma_wc,41,2021-03-23 18:20:44.662524160+00:00,38.07379400987003,22.304662293206825,3.3203125,6,3,3,3,3,0.27179185549418133,noa2021ftkyx,-119.31,1.0,30<|dt|<=120s
corinth_thiva_2020,jma_wc,42,2021-03-23 18:21:04.718888960+00:00,37.923137749897805,22.17508767396567,10.7421875,5,3,2,3,2,0.01076350212097168,noa2021ftkyx,-99.25,20.4,30<|dt|<=120s
corinth_thiva_2020,jma_wc,44,2021-03-23 18:23:32.402030336+00:00,38.004874468973924,22.247021350886556,14.6484375,5,3,2,3,2,0.023440170288085937,noa2021ftkyx,48.43,9.3,30<|dt|<=120s
corinth_thiva_2020,jma_wc,45,2021-03-23 18:24:28.647575040+00:00,37.94357604761284,22.19305619897325,13.0859375,5,3,2,3,2,0.02979145050048828,noa2021ftkyx,104.68,17.6,30<|dt|<=120s
corinth_thiva_2020,jma_wc,46,2021-03-23 18:27:09.496140288+00:00,38.14009428747742,22.347887266971377,6.4453125,5,3,2,3,2,0.3271150588989258,noa2021ftkyx,265.52,8.1,|dt|>120s
corinth_thiva_2020,jma_wc,47,2021-03-23 18:31:51.544039168+00:00,38.18602460528286,22.391284811029408,0.1953125,5,3,2,3,2,0.49489121437072753,noa2021ftkyx,547.57,14.5,|dt|>120s
corinth_thiva_2020,jma_wc,48,2021-03-23 18:35:39.487390720+00:00,37.90004444137557,22.135415456417274,5.2734375,5,3,2,3,2,0.018773937225341798,noa2021ftkyx,775.52,24.4,|dt|>120s
corinth_thiva_2020,jma_wc,49,2021-03-23 18:38:17.554642432+00:00,38.04311146188681,22.264916717373858,13.4765625,7,5,2,5,2,0.20738635744367326,noa2021ftlwo,-718.62,3.3,|dt|>120s
corinth_thiva_2020,jma_wc,50,2021-03-23 18:41:34.179158784+00:00,38.04311146188681,22.264916717373858,15.8203125,7,5,2,5,2,0.11164563042776925,noa2021ftlwo,-521.99,3.3,|dt|>120s
corinth_thiva_2020,jma_wc,51,2021-03-23 18:41:58.076529920+00:00,38.69533931705806,22.77341500460513,6.4453125,5,3,2,3,2,0.049818897247314455,noa2021ftlwo,-498.09,81.8,|dt|>120s
corinth_thiva_2020,jma_wc,52,2021-03-23 18:44:21.483719680+00:00,38.02527276354611,22.257772736461195,14.6484375,6,4,2,4,2,0.03983835379282633,noa2021ftlwo,-354.69,5.3,|dt|>120s
corinth_thiva_2020,jma_wc,53,2021-03-23 18:46:30.795141376+00:00,38.04565569981373,22.26490057799316,13.4765625,6,4,2,4,2,0.16071073214213052,noa2021ftlwo,-225.37,3.0,|dt|>120s
corinth_thiva_2020,jma_wc,55,2021-03-23 18:50:59.249329920+00:00,38.04311146188681,22.264916717373858,15.8203125,5,3,2,3,2,0.11211318969726562,noa2021ftlwo,43.08,3.3,30<|dt|<=120s
corinth_thiva_2020,jma_wc,56,2021-03-23 18:56:16.602350336+00:00,38.06600956327286,22.264771389738353,12.6953125,6,3,3,4,2,0.3483567237854004,noa2021ftlwo,360.43,1.4,|dt|>120s
corinth_thiva_2020,jma_wc,57,2021-03-23 18:59:36.194195712+00:00,38.07873069185953,22.264690580945842,13.0859375,8,5,3,5,3,0.2983550727367401,noa2021ftlwo,560.02,1.6,|dt|>120s
corinth_thiva_2020,jma_wc,58,2021-03-23 19:03:16.949160960+00:00,38.025301765325054,22.26502963613911,17.7734375,5,3,2,3,2,0.2064988136291504,noa2021ftlwo,780.78,5.1,|dt|>120s
corinth_thiva_2020,jma_wc,59,2021-03-23 19:06:31.725451264+00:00,38.04565569981373,22.26490057799316,15.8203125,7,5,2,5,2,0.13801312446594238,noa2021ftlwo,975.56,3.0,|dt|>120s
corinth_thiva_2020,jma_wc,60,2021-03-23 19:09:01.457379072+00:00,37.92306835527567,22.16059419495454,5.6640625,6,4,2,4,2,0.24628265698750815,noa2021ftlwo,1125.29,19.4,|dt|>120s
corinth_thiva_2020,jma_wc,61,2021-03-23 19:12:43.165343488+00:00,38.06346533422531,22.264787545390327,13.4765625,6,4,2,4,2,0.2988881270090739,noa2021ftlwo,1347.0,1.5,|dt|>120s
corinth_thiva_2020,jma_wc,62,2021-03-23 19:15:06.038487040+00:00,38.16562785154612,22.376837565389454,0.1953125,5,3,2,3,2,0.39540600776672363,noa2021ftlwo,1489.87,13.6,|dt|>120s
corinth_thiva_2020,jma_wc,63,2021-03-23 19:17:32.093140992+00:00,38.025301765325054,22.26502963613911,16.6015625,5,3,2,3,2,0.17303285598754883,noa2021ftnov,-1459.54,3.5,|dt|>120s
corinth_thiva_2020,jma_wc,64,2021-03-23 19:20:52.801433856+00:00,37.892448137447104,22.142720680848075,0.1953125,5,3,2,3,2,0.10908260345458984,noa2021ftnov,-1258.84,21.8,|dt|>120s
corinth_thiva_2020,jma_wc,65,2021-03-23 19:21:37.961224960+00:00,38.13504091160883,22.3588156498701,0.1953125,5,3,2,3,2,0.19170560836791992,noa2021ftnov,-1213.68,11.2,|dt|>120s
corinth_thiva_2020,jma_wc,66,2021-03-23 19:27:25.090924544+00:00,37.94357604761284,22.19305619897325,15.4296875,5,3,2,3,2,0.14573311805725098,noa2021ftnov,-866.55,14.6,|dt|>120s
corinth_thiva_2020,jma_wc,67,2021-03-23 19:30:07.541620224+00:00,38.025301765325054,22.26502963613911,15.0390625,5,3,2,3,2,0.05773468017578125,noa2021ftnov,-704.1,3.5,|dt|>120s
corinth_thiva_2020,jma_wc,68,2021-03-23 19:40:32.543700992+00:00,37.874432517132654,22.103031849528442,0.1953125,5,3,2,3,2,0.13079452514648438,noa2021ftnov,-79.09,25.5,30<|dt|<=120s
corinth_thiva_2020,jma_wc,70,2021-03-23 19:42:31.775094272+00:00,37.94101515929757,22.18945049250052,12.3046875,5,3,2,3,2,0.01637110710144043,noa2021ftnpv,-23.43,18.6,5<|dt|<=30s
corinth_thiva_2020,jma_wc,73,2021-03-23 19:48:09.737524224+00:00,38.086604743741866,22.330008898321193,6.0546875,8,4,4,4,4,0.14484336972236633,noa2021ftntw,25.94,5.4,5<|dt|<=30s
corinth_thiva_2020,jma_wc,74,2021-03-23 19:49:05.495942144+00:00,38.09675666648008,22.322689227824192,6.4453125,6,4,2,4,2,0.07882253328959148,noa2021ftntw,81.7,6.1,30<|dt|<=120s
corinth_thiva_2020,jma_wc,75,2021-03-23 19:57:36.108712704+00:00,38.025301765325054,22.26502963613911,14.2578125,5,3,2,3,2,0.023753833770751954,noa2021ftojb,-463.13,4.5,|dt|>120s
corinth_thiva_2020,jma_wc,76,2021-03-23 19:58:32.618967808+00:00,38.04056722285009,22.264932854721877,15.0390625,7,5,2,5,2,0.10891938209533691,noa2021ftojb,-406.62,3.4,|dt|>120s
corinth_thiva_2020,jma_wc,77,2021-03-23 20:04:48.979361792+00:00,37.935841820970005,22.17136782568567,11.5234375,5,3,2,3,2,0.014684343338012695,noa2021ftojb,-30.26,17.4,30<|dt|<=120s
corinth_thiva_2020,jma_wc,79,2021-03-23 20:06:08.154903040+00:00,37.905223244411204,22.153486802606167,0.1953125,5,3,2,3,2,0.17260680198669434,noa2021ftoja,41.62,20.0,30<|dt|<=120s
corinth_thiva_2020,jma_wc,80,2021-03-23 20:06:43.213028096+00:00,38.22402904729898,22.340170323727065,7.2265625,5,3,2,3,2,0.4025261878967285,noa2021ftoja,76.68,19.6,30<|dt|<=120s
corinth_thiva_2020,jma_wc,81,2021-03-23 20:07:55.341744640+00:00,38.073780773754635,22.30103142798999,6.0546875,6,3,3,3,3,0.08791033426920573,noa2021ftoja,148.8,2.7,|dt|>120s
corinth_thiva_2020,jma_wc,82,2021-03-23 20:08:58.023097344+00:00,38.03802298270357,22.264948990037492,15.8203125,6,4,2,4,2,0.12083295981089275,noa2021ftoja,211.49,2.4,|dt|>120s
corinth_thiva_2020,jma_wc,83,2021-03-23 20:10:22.853818368+00:00,38.13253074099373,22.369729980091034,12.6953125,5,3,2,3,2,0.4587913990020752,noa2021ftoja,296.32,11.6,|dt|>120s
corinth_thiva_2020,instance,1,2021-01-21 14:59:34.776607232+00:00,38.166467356572,23.45658947052451,24.8046875,6,3,3,4,2,0.2816520929336548,noa2021blrxk,83.4,12.0,30<|dt|<=120s
corinth_thiva_2020,instance,2,2021-01-21 15:08:08.042925824+00:00,38.37268849732869,22.029477159904435,7.6171875,6,3,3,4,2,0.4656053384145101,noa2021blsgx,-65.77,138.2,30<|dt|<=120s
corinth_thiva_2020,instance,4,2021-01-21 15:10:54.192583424+00:00,38.385822421308454,23.360320621851496,6.4453125,5,3,2,3,2,0.3388692378997803,noa2021blsgx,100.38,37.8,30<|dt|<=120s
corinth_thiva_2020,instance,6,2021-01-21 15:23:43.146213376+00:00,38.18792901783255,23.660448207988267,6.4453125,6,3,3,4,2,0.3095282316207886,noa2021blskj,625.1,14.6,|dt|>120s
corinth_thiva_2020,instance,9,2021-01-21 15:49:32.832472064+00:00,38.39038578235646,22.01107275002937,9.5703125,11,5,6,6,5,0.37169519337740814,noa2021bltwb,-460.59,140.6,|dt|>120s
corinth_thiva_2020,instance,11,2021-01-21 16:01:01.645145600+00:00,38.33207080271907,22.04444413345065,12.3046875,5,3,2,3,2,0.38756089210510253,noa2021bltwb,228.23,136.4,|dt|>120s
corinth_thiva_2020,instance,14,2021-01-21 16:10:47.009268992+00:00,38.173553249184884,23.54028386589739,15.4296875,5,3,2,3,2,0.13653059005737306,noa2021blugb,115.12,9.3,30<|dt|<=120s
corinth_thiva_2020,instance,16,2021-01-21 17:06:44.389210880+00:00,37.944796965401245,22.7802322401381,24.8046875,7,4,3,4,3,0.4520175116402762,noa2021blwmu,-633.79,71.3,|dt|>120s
corinth_thiva_2020,instance,19,2021-03-23 17:17:09.965721856+00:00,38.076338248272116,22.30464751293962,6.0546875,6,3,3,4,2,0.11083579063415527,noa2021ftiva,-22.87,0.5,5<|dt|<=30s
corinth_thiva_2020,instance,21,2021-03-23 17:20:13.455368704+00:00,37.9153463759482,22.142538267591895,20.8984375,5,3,2,3,2,0.12664308547973632,noa2021ftiva,160.62,22.6,|dt|>120s
corinth_thiva_2020,instance,22,2021-03-23 17:20:32.069627904+00:00,38.12222401676553,22.329814018686964,0.1953125,7,4,3,4,3,0.23013768877301896,noa2021ftiva,179.23,5.7,|dt|>120s
corinth_thiva_2020,instance,23,2021-03-23 17:21:30.146022912+00:00,38.08146576776868,22.31551168874476,2.9296875,9,4,5,5,4,0.1651221646202935,noa2021ftiva,237.31,1.5,|dt|>120s
corinth_thiva_2020,instance,24,2021-03-23 17:22:09.942341632+00:00,38.05583264042278,22.26483600013813,17.3828125,5,3,2,3,2,0.2718684673309326,noa2021ftiva,277.1,3.8,|dt|>120s
corinth_thiva_2020,instance,25,2021-03-23 17:23:26.051929088+00:00,37.889830559549964,22.12825405779104,0.1953125,5,3,2,3,2,0.022123956680297853,noa2021ftiva,353.21,25.7,|dt|>120s
corinth_thiva_2020,instance,26,2021-03-23 17:33:08.275227904+00:00,37.90006272322717,22.139037676271375,0.1953125,5,3,2,3,2,0.19705324172973632,noa2021ftiva,935.44,24.2,|dt|>120s
corinth_thiva_2020,instance,27,2021-03-23 17:34:04.694091008+00:00,38.06863823978216,22.286538803692963,11.1328125,9,4,5,6,3,0.08024586571587457,noa2021ftiva,991.86,1.5,|dt|>120s
corinth_thiva_2020,instance,28,2021-03-23 17:37:45.938714368+00:00,38.448462324122964,22.572539690926526,24.8046875,5,3,2,3,2,0.13351588249206542,noa2021ftiva,1213.1,47.7,|dt|>120s
corinth_thiva_2020,instance,29,2021-03-23 17:40:28.999421440+00:00,38.346259410363714,23.582290195997338,0.1953125,6,3,3,4,2,0.35123058160146076,noa2021ftiva,1376.16,116.0,|dt|>120s
corinth_thiva_2020,instance,30,2021-03-23 17:41:26.784879104+00:00,38.09162980776886,22.31182229129588,1.3671875,10,5,5,5,5,0.17815310955047609,noa2021ftiva,1433.95,2.0,|dt|>120s
corinth_thiva_2020,instance,31,2021-03-23 17:42:28.070755840+00:00,38.083984085548884,22.30823453175509,12.6953125,9,4,5,5,4,0.26520758204989964,noa2021ftkkh,-1392.24,3.0,|dt|>120s
corinth_thiva_2020,instance,32,2021-03-23 17:44:09.010089984+00:00,38.053288406935344,22.26485214765227,18.9453125,12,6,6,6,6,0.35474340120951336,noa2021ftkkh,-1291.3,2.6,|dt|>120s
corinth_thiva_2020,instance,33,2021-03-23 17:46:13.897714944+00:00,38.02257680641344,22.22150602735457,23.2421875,6,4,2,4,2,0.2308722734451294,noa2021ftkkh,-1166.41,7.6,|dt|>120s
corinth_thiva_2020,instance,34,2021-03-23 17:46:31.177788928+00:00,38.078921528036375,22.315526095308655,0.5859375,7,4,3,4,3,0.3441622938428606,noa2021ftkkh,-1149.13,2.9,|dt|>120s
corinth_thiva_2020,instance,35,2021-03-23 17:48:46.966159104+00:00,38.063563447231495,22.290199960999285,14.6484375,11,5,6,6,5,0.2831247503107244,noa2021ftkkh,-1013.34,0.6,|dt|>120s
corinth_thiva_2020,instance,36,2021-03-23 17:55:41.571550464+00:00,37.900080893620824,22.142659899392118,6.0546875,5,3,2,3,2,0.03859715461730957,noa2021ftkkh,-598.73,22.1,|dt|>120s
corinth_thiva_2020,instance,37,2021-03-23 17:58:57.100335616+00:00,38.058488533169566,22.293860610240404,12.6953125,10,5,5,6,4,0.16063485145568848,noa2021ftkkh,-403.21,0.1,|dt|>120s
corinth_thiva_2020,instance,38,2021-03-23 18:00:37.219448064+00:00,38.170780112814576,22.39862716182218,0.1953125,5,3,2,3,2,0.5201355457305908,noa2021ftkkh,-303.09,15.4,|dt|>120s
corinth_thiva_2020,instance,40,2021-03-23 18:06:46.827905280+00:00,38.0814912374841,22.322774194944408,4.1015625,11,6,5,6,5,0.2626402594826438,noa2021ftkkh,66.52,3.5,30<|dt|<=120s
corinth_thiva_2020,instance,41,2021-03-23 18:07:56.031365632+00:00,38.08905942364416,22.30457358366916,0.1953125,6,3,3,4,2,0.2573452393213908,noa2021ftkkh,135.73,3.4,|dt|>120s
corinth_thiva_2020,instance,42,2021-03-23 18:10:19.129763328+00:00,38.13214462866303,22.260716893030235,12.6953125,7,5,2,5,2,0.2963662488119943,noa2021ftkqj,-156.42,7.7,|dt|>120s
corinth_thiva_2020,instance,43,2021-03-23 18:12:45.509819392+00:00,38.11711050970415,22.322575838380256,0.1953125,10,5,5,6,4,0.22842397689819335,noa2021ftkqj,-10.04,3.7,5<|dt|<=30s
corinth_thiva_2020,instance,45,2021-03-23 18:14:00.938781440+00:00,38.055984310000255,22.30476570296337,9.5703125,10,5,5,6,4,0.22171080112457275,noa2021ftkqj,65.39,3.5,30<|dt|<=120s
corinth_thiva_2020,instance,46,2021-03-23 18:15:57.615740416+00:00,38.084022798508855,22.31912865814659,6.4453125,8,4,4,4,4,0.1820482611656189,noa2021ftkqj,182.06,0.3,|dt|>120s
corinth_thiva_2020,instance,47,2021-03-23 18:16:56.662157824+00:00,38.09667886860958,22.30089720597139,8.0078125,12,6,6,6,6,0.12735605239868164,noa2021ftkqj,241.11,2.4,|dt|>120s
corinth_thiva_2020,instance,48,2021-03-23 18:20:43.955008256+00:00,37.9026432040345,22.146261984860423,6.0546875,6,4,2,4,2,0.16261327266693115,noa2021ftkyx,-120.02,23.6,|dt|>120s
corinth_thiva_2020,instance,49,2021-03-23 18:21:04.499172096+00:00,38.055944290641996,22.293875754477888,12.6953125,6,3,3,4,2,0.09119709332784016,noa2021ftkyx,-99.47,2.6,30<|dt|<=120s
corinth_thiva_2020,instance,51,2021-03-23 18:24:28.174056960+00:00,38.025301765325054,22.26502963613911,16.2109375,6,4,2,4,2,0.23972753683725992,noa2021ftkyx,104.2,6.6,30<|dt|<=120s
corinth_thiva_2020,instance,52,2021-03-23 18:25:14.174471424+00:00,38.0865283207073,22.308219869879075,5.2734375,8,4,4,4,4,0.11370795965194702,noa2021ftkyx,150.2,1.3,|dt|>120s
corinth_thiva_2020,instance,53,2021-03-23 18:28:25.101834496+00:00,38.02528732041826,22.26140118499786,15.0390625,5,3,2,3,2,0.06962556838989258,noa2021ftkyx,341.13,6.7,|dt|>120s
corinth_thiva_2020,instance,54,2021-03-23 18:32:22.943932416+00:00,38.168204486285056,22.387731976649995,0.1953125,5,3,2,3,2,0.4249870300292969,noa2021ftkyx,578.97,12.7,|dt|>120s
corinth_thiva_2020,instance,55,2021-03-23 18:35:38.370158592+00:00,38.14777351534096,22.362385525279112,0.1953125,5,3,2,3,2,0.270051908493042,noa2021ftkyx,774.4,9.6,|dt|>120s
corinth_thiva_2020,instance,56,2021-03-23 18:38:18.112248064+00:00,38.09418694979476,22.315439628696566,0.1953125,10,5,5,6,4,0.19793782234191895,noa2021ftlwo,-718.06,4.1,|dt|>120s
corinth_thiva_2020,instance,57,2021-03-23 18:41:34.058343936+00:00,38.04311146188681,22.264916717373858,16.2109375,8,5,3,5,3,0.14387500286102295,noa2021ftlwo,-522.11,3.3,|dt|>120s
corinth_thiva_2020,instance,58,2021-03-23 18:41:46.096447744+00:00,37.92310327569012,22.1678409282389,9.1796875,5,3,2,3,2,0.016078615188598634,noa2021ftlwo,-510.07,19.0,|dt|>120s
corinth_thiva_2020,instance,59,2021-03-23 18:43:41.112040192+00:00,38.025301765325054,22.26502963613911,15.0390625,5,3,2,3,2,0.09705801010131836,noa2021ftlwo,-395.06,5.1,|dt|>120s
corinth_thiva_2020,instance,60,2021-03-23 18:44:21.362548224+00:00,38.04576730943956,22.293936312356024,13.4765625,8,3,5,5,3,0.27092689275741577,noa2021ftlwo,-354.81,3.0,|dt|>120s
corinth_thiva_2020,instance,61,2021-03-23 18:45:26.436120064+00:00,38.2322066769994,22.57301095667928,0.1953125,5,3,2,3,2,0.48072404861450196,noa2021ftlwo,-289.73,31.4,|dt|>120s
corinth_thiva_2020,instance,62,2021-03-23 18:46:31.279374848+00:00,38.08656703718579,22.31911437379409,3.3203125,8,4,4,5,3,0.17479953169822693,noa2021ftlwo,-224.89,3.9,|dt|>120s
corinth_thiva_2020,instance,64,2021-03-23 18:55:58.949190912+00:00,37.902625143455104,22.142639633805103,6.0546875,5,3,2,3,2,0.034741973876953124,noa2021ftlwo,342.78,22.1,|dt|>120s
corinth_thiva_2020,instance,65,2021-03-23 18:56:16.537470208+00:00,38.06357701489687,22.293830316042108,12.6953125,10,5,5,5,5,0.19177544116973877,noa2021ftlwo,360.37,1.4,|dt|>120s
corinth_thiva_2020,instance,66,2021-03-23 18:59:00.156637440+00:00,38.08146576776868,22.31551168874476,0.1953125,9,5,4,5,4,0.23263963063557944,noa2021ftlwo,523.99,3.4,|dt|>120s
corinth_thiva_2020,instance,67,2021-03-23 18:59:35.713460736+00:00,38.06600956327286,22.264771389738353,15.8203125,10,5,5,5,5,0.24385590553283693,noa2021ftlwo,559.54,1.4,|dt|>120s
corinth_thiva_2020,instance,68,2021-03-23 19:04:22.017241856+00:00,38.0865283207073,22.308219869879075,12.6953125,5,3,2,3,2,0.16828765869140624,noa2021ftlwo,845.85,3.1,|dt|>120s
corinth_thiva_2020,instance,69,2021-03-23 19:05:01.587894528+00:00,38.04056722285009,22.264932854721877,13.8671875,5,3,2,3,2,0.09970636367797851,noa2021ftlwo,885.42,3.5,|dt|>120s
corinth_thiva_2020,instance,70,2021-03-23 19:06:32.321333760+00:00,38.040623913738045,22.27944969724022,12.3046875,9,5,4,5,4,0.23470560709635416,noa2021ftlwo,976.15,3.3,|dt|>120s
corinth_thiva_2020,instance,71,2021-03-23 19:08:30.720913664+00:00,38.00481382240311,22.23251162830056,15.8203125,5,3,2,3,2,0.023839235305786133,noa2021ftlwo,1094.55,8.3,|dt|>120s
corinth_thiva_2020,instance,72,2021-03-23 19:09:00.767565824+00:00,37.8975366426747,22.142680162428057,6.0546875,5,3,2,3,2,0.05117597579956055,noa2021ftlwo,1124.6,22.6,|dt|>120s
corinth_thiva_2020,instance,73,2021-03-23 19:10:10.980158464+00:00,38.14777351534096,22.362385525279112,0.1953125,5,3,2,3,2,0.17405195236206056,noa2021ftlwo,1194.81,11.3,|dt|>120s
corinth_thiva_2020,instance,74,2021-03-23 19:12:43.530178304+00:00,38.02522842113996,22.246887406679807,12.6953125,5,3,2,3,2,0.05062251091003418,noa2021ftlwo,1347.36,5.7,|dt|>120s
corinth_thiva_2020,instance,75,2021-03-23 19:17:33.068741120+00:00,38.094212431086405,22.32270339347116,0.1953125,6,3,3,3,3,0.2042454481124878,noa2021ftnov,-1458.57,5.7,|dt|>120s
corinth_thiva_2020,instance,76,2021-03-23 19:22:27.516537856+00:00,37.98947006192716,22.214481672542362,15.0390625,5,3,2,3,2,0.02089247703552246,noa2021ftnov,-1164.12,9.5,|dt|>120s
corinth_thiva_2020,instance,77,2021-03-23 19:23:31.657851392+00:00,38.16312661618676,22.3913911862471,0.1953125,5,3,2,3,2,0.4230821132659912,noa2021ftnov,-1099.98,15.4,|dt|>120s
corinth_thiva_2020,instance,78,2021-03-23 19:25:58.589636096+00:00,38.025301765325054,22.26502963613911,13.0859375,5,3,2,3,2,0.013349199295043945,noa2021ftnov,-953.05,3.5,|dt|>120s
corinth_thiva_2020,instance,79,2021-03-23 19:32:44.032649472+00:00,38.04565569981373,22.26490057799316,14.2578125,5,3,2,3,2,0.08713064193725586,noa2021ftnov,-547.6,2.4,|dt|>120s
corinth_thiva_2020,instance,81,2021-03-23 19:42:31.941409280+00:00,38.025301765325054,22.26502963613911,12.6953125,6,3,3,3,3,0.11465652783711751,noa2021ftnpv,-23.26,7.2,5<|dt|<=30s
corinth_thiva_2020,instance,83,2021-03-23 19:45:01.470500864+00:00,38.68249186968872,22.55371636650414,24.8046875,5,3,2,3,2,0.3710784435272217,noa2021ftnpv,126.27,70.3,|dt|>120s
corinth_thiva_2020,instance,85,2021-03-23 19:48:09.566798336+00:00,38.04565569981373,22.26490057799316,13.4765625,7,4,3,5,2,0.2763148035321917,noa2021ftntw,25.77,2.7,5<|dt|<=30s
corinth_thiva_2020,instance,86,2021-03-23 19:49:05.402728448+00:00,38.0865283207073,22.308219869879075,9.5703125,9,5,4,5,4,0.13553847206963432,noa2021ftntw,81.6,4.6,30<|dt|<=120s
corinth_thiva_2020,instance,87,2021-03-23 19:57:36.720040192+00:00,38.076351373418674,22.30827850630294,4.8828125,6,3,3,3,3,0.29381342728932697,noa2021ftojb,-462.52,2.3,|dt|>120s
corinth_thiva_2020,instance,88,2021-03-23 19:57:42.577646592+00:00,38.01495977944549,22.225186819455807,16.6015625,6,3,3,4,2,0.3407754103342692,noa2021ftojb,-456.66,7.9,|dt|>120s
corinth_thiva_2020,instance,89,2021-03-23 19:58:33.397267712+00:00,38.094212431086405,22.32270339347116,0.1953125,9,5,4,5,4,0.2790950934092204,noa2021ftojb,-405.84,4.7,|dt|>120s
corinth_thiva_2020,instance,92,2021-03-23 20:07:55.296744704+00:00,38.073780773754635,22.30103142798999,6.0546875,6,3,3,3,3,0.07791038354237874,noa2021ftoja,148.76,2.7,|dt|>120s
corinth_thiva_2020,instance,93,2021-03-23 20:08:59.171722240+00:00,38.08399710207192,22.31186590489538,0.1953125,10,5,5,5,5,0.2093374490737915,noa2021ftoja,212.63,4.2,|dt|>120s
corinth_thiva_2020,quakescope2026,2,2021-01-21 15:11:42.041706752+00:00,38.13744140901462,23.608931470296568,12.3046875,6,4,2,4,2,0.07710758845011394,noa2021blskj,-96.0,7.5,30<|dt|<=120s
corinth_thiva_2020,quakescope2026,4,2021-01-21 15:23:43.451375872+00:00,38.195646629784235,23.649635579588487,0.1953125,6,4,2,4,2,0.24907338619232178,noa2021blskj,625.41,14.8,|dt|>120s
corinth_thiva_2020,quakescope2026,7,2021-01-21 15:49:32.170585344+00:00,38.41816294801031,21.977964413178334,6.4453125,8,6,2,6,2,0.4147500693798065,noa2021bltwb,-461.25,144.2,|dt|>120s
corinth_thiva_2020,quakescope2026,11,2021-01-21 16:48:23.639818240+00:00,38.47361463021055,22.426447592083832,0.1953125,5,3,2,3,2,0.45172791481018065,noa2021blvdw,707.51,132.6,|dt|>120s
corinth_thiva_2020,quakescope2026,14,2021-03-23 17:17:09.451181568+00:00,38.06346533422531,22.264787545390327,12.6953125,6,3,3,4,2,0.22951936721801758,noa2021ftiva,-23.39,3.4,5<|dt|<=30s
corinth_thiva_2020,quakescope2026,16,2021-03-23 17:20:15.757513472+00:00,38.025301765325054,22.26502963613911,15.8203125,5,3,2,3,2,0.07991681098937989,noa2021ftiva,162.92,6.5,|dt|>120s
corinth_thiva_2020,quakescope2026,17,2021-03-23 17:20:33.138051328+00:00,37.91794449585916,22.153387294897954,0.1953125,5,3,2,3,2,0.2554513931274414,noa2021ftiva,180.3,21.8,|dt|>120s
corinth_thiva_2020,quakescope2026,18,2021-03-23 17:21:29.250610688+00:00,38.06092110406778,22.264803699007434,14.2578125,8,5,3,5,3,0.17803841829299927,noa2021ftiva,236.41,3.5,|dt|>120s
corinth_thiva_2020,quakescope2026,19,2021-03-23 17:23:25.995843840+00:00,37.889830559549964,22.12825405779104,2.9296875,5,3,2,3,2,0.015128755569458007,noa2021ftiva,353.16,25.7,|dt|>120s
corinth_thiva_2020,quakescope2026,20,2021-03-23 17:23:57.449911552+00:00,38.180967248905944,22.40221711099289,0.1953125,5,3,2,3,2,0.545861291885376,noa2021ftiva,384.61,14.6,|dt|>120s
corinth_thiva_2020,quakescope2026,21,2021-03-23 17:34:04.142423296+00:00,38.076186468362415,22.264706746776277,14.6484375,7,5,2,5,2,0.23291352816990443,noa2021ftiva,991.3,3.0,|dt|>120s
corinth_thiva_2020,quakescope2026,22,2021-03-23 17:37:59.948372992+00:00,37.98441321756723,22.221770189872593,15.0390625,5,3,2,3,2,0.02434854507446289,noa2021ftiva,1227.11,12.3,|dt|>120s
corinth_thiva_2020,quakescope2026,23,2021-03-23 17:41:25.831430656+00:00,38.03802298270357,22.264948990037492,15.8203125,6,4,2,4,2,0.10550367832183838,noa2021ftiva,1432.99,5.3,|dt|>120s
corinth_thiva_2020,quakescope2026,24,2021-03-23 17:42:28.113277184+00:00,38.0865283207073,22.308219869879075,12.6953125,10,5,5,5,5,0.26952290534973145,noa2021ftkkh,-1392.19,3.3,|dt|>120s
corinth_thiva_2020,quakescope2026,25,2021-03-23 17:43:34.253107968+00:00,38.09416101952719,22.308175873167347,12.6953125,5,3,2,3,2,0.18751626014709472,noa2021ftkkh,-1326.05,4.1,|dt|>120s
corinth_thiva_2020,quakescope2026,26,2021-03-23 17:44:09.263864576+00:00,38.08127491424651,22.264674413078886,15.8203125,8,5,3,5,3,0.3177753686904907,noa2021ftkkh,-1291.04,3.5,|dt|>120s
corinth_thiva_2020,quakescope2026,27,2021-03-23 17:46:30.403724032+00:00,38.02527276354611,22.257772736461195,14.2578125,6,3,3,4,2,0.05897823969523112,noa2021ftkkh,-1149.9,4.9,|dt|>120s
corinth_thiva_2020,quakescope2026,28,2021-03-23 17:48:46.835151104+00:00,38.06849524938372,22.250232902496105,16.2109375,8,4,4,5,3,0.3438411355018616,noa2021ftkkh,-1013.47,4.0,|dt|>120s
corinth_thiva_2020,quakescope2026,29,2021-03-23 17:52:05.548989696+00:00,37.905240972197255,22.157109287987836,6.8359375,5,3,2,3,2,0.04008364677429199,noa2021ftkkh,-814.76,20.9,|dt|>120s
corinth_thiva_2020,quakescope2026,30,2021-03-23 17:58:56.606674688+00:00,38.06600956327286,22.264771389738353,15.8203125,8,5,3,5,3,0.26413393020629883,noa2021ftkkh,-403.7,2.7,|dt|>120s
corinth_thiva_2020,quakescope2026,32,2021-03-23 18:06:45.910043136+00:00,38.03287603171615,22.250465959861977,16.2109375,8,5,3,6,2,0.2225666642189026,noa2021ftkkh,65.6,4.8,30<|dt|<=120s
corinth_thiva_2020,quakescope2026,33,2021-03-23 18:07:55.682499584+00:00,37.89751847393508,22.139058063979103,0.1953125,5,3,2,3,2,0.10105700492858886,noa2021ftkkh,135.38,22.5,|dt|>120s
corinth_thiva_2020,quakescope2026,34,2021-03-23 18:10:18.817744128+00:00,38.06600956327286,22.264771389738353,16.6015625,7,5,2,5,2,0.25199798175266813,noa2021ftkqj,-156.73,5.4,|dt|>120s
corinth_thiva_2020,quakescope2026,35,2021-03-23 18:11:45.103686912+00:00,37.940964587080884,22.178577719337092,11.5234375,5,3,2,3,2,0.005937814712524414,noa2021ftkqj,-70.45,20.3,30<|dt|<=120s
corinth_thiva_2020,quakescope2026,36,2021-03-23 18:12:45.273620480+00:00,38.02528732041826,22.26140118499786,15.0390625,7,5,2,5,2,0.16934640066964285,noa2021ftkqj,-10.28,8.4,5<|dt|<=30s
corinth_thiva_2020,quakescope2026,38,2021-03-23 18:14:01.036725760+00:00,38.078921528036375,22.315526095308655,6.0546875,9,5,4,5,4,0.232738282945421,noa2021ftkqj,65.49,0.8,30<|dt|<=120s
corinth_thiva_2020,quakescope2026,39,2021-03-23 18:15:57.144837120+00:00,37.999755875787,22.239800450402228,15.4296875,6,4,2,4,2,0.13123786449432373,noa2021ftkqj,181.59,11.8,|dt|>120s
corinth_thiva_2020,quakescope2026,40,2021-03-23 18:16:56.014718976+00:00,38.08127491424651,22.264674413078886,14.6484375,9,6,3,6,3,0.3311839633517795,noa2021ftkqj,240.46,5.1,|dt|>120s
corinth_thiva_2020,quakescope2026,41,2021-03-23 18:20:43.969867008+00:00,38.002300123175225,22.239783468344974,13.8671875,5,3,2,3,2,0.010096931457519531,noa2021ftkyx,-120.0,9.9,30<|dt|<=120s
corinth_thiva_2020,quakescope2026,42,2021-03-23 18:21:04.144838912+00:00,38.025301765325054,22.26502963613911,16.2109375,7,3,4,5,2,0.27544420106070383,noa2021ftkyx,-99.83,6.6,30<|dt|<=120s
corinth_thiva_2020,quakescope2026,44,2021-03-23 18:23:32.539400448+00:00,38.012536869441035,22.254226767253513,13.8671875,5,3,2,3,2,0.027084732055664064,noa2021ftkyx,48.57,8.3,30<|dt|<=120s
corinth_thiva_2020,quakescope2026,45,2021-03-23 18:25:13.991664640+00:00,37.894937555047065,22.13183451135193,0.1953125,5,3,2,3,2,0.04525213241577149,noa2021ftkyx,150.02,25.1,|dt|>120s
corinth_thiva_2020,quakescope2026,46,2021-03-23 18:31:52.486810112+00:00,38.14521781945961,22.35876390960567,6.4453125,5,3,2,3,2,0.2633379936218262,noa2021ftkyx,548.51,9.1,|dt|>120s
corinth_thiva_2020,quakescope2026,47,2021-03-23 18:33:45.082400768+00:00,37.93590990794199,22.18586383895821,12.3046875,5,3,2,3,2,0.008245468139648438,noa2021ftkyx,661.11,18.7,|dt|>120s
corinth_thiva_2020,quakescope2026,48,2021-03-23 18:38:18.265073920+00:00,38.07380713382369,22.30829316079299,4.8828125,8,5,3,5,3,0.206843763589859,noa2021ftlwo,-717.9,2.5,|dt|>120s
corinth_thiva_2020,quakescope2026,49,2021-03-23 18:41:34.187730176+00:00,38.04311146188681,22.264916717373858,15.8203125,7,5,2,5,2,0.09572723933628627,noa2021ftlwo,-521.98,3.3,|dt|>120s
corinth_thiva_2020,quakescope2026,50,2021-03-23 18:44:21.566476032+00:00,38.02527276354611,22.257772736461195,14.2578125,7,4,3,5,2,0.025202478681291853,noa2021ftlwo,-354.6,5.3,|dt|>120s
corinth_thiva_2020,quakescope2026,51,2021-03-23 18:46:30.670995456+00:00,38.05089581434184,22.30479523186474,12.6953125,7,3,4,5,2,0.2660836492265974,noa2021ftlwo,-225.5,3.0,|dt|>120s
corinth_thiva_2020,quakescope2026,53,2021-03-23 18:50:59.241401088+00:00,38.04565569981373,22.26490057799316,15.8203125,5,3,2,3,2,0.11167726516723633,noa2021ftlwo,43.07,3.0,30<|dt|<=120s
corinth_thiva_2020,quakescope2026,54,2021-03-23 18:56:16.320265984+00:00,38.06600956327286,22.264771389738353,14.2578125,7,5,2,5,2,0.2544056347438267,noa2021ftlwo,360.15,1.4,|dt|>120s
corinth_thiva_2020,quakescope2026,55,2021-03-23 18:59:36.909370880+00:00,38.08650194865655,22.30095687898923,6.0546875,9,5,4,5,4,0.1671951346927219,noa2021ftlwo,560.74,2.6,|dt|>120s
corinth_thiva_2020,quakescope2026,56,2021-03-23 19:02:32.393967872+00:00,38.14776204365064,22.358750970464552,0.1953125,5,3,2,3,2,0.2672399997711182,noa2021ftlwo,736.22,11.1,|dt|>120s
corinth_thiva_2020,quakescope2026,57,2021-03-23 19:03:16.961161216+00:00,38.025301765325054,22.26502963613911,17.7734375,5,3,2,3,2,0.20489897727966308,noa2021ftlwo,780.79,5.1,|dt|>120s
corinth_thiva_2020,quakescope2026,58,2021-03-23 19:04:20.498039296+00:00,38.18602460528286,22.391284811029408,0.1953125,5,3,2,3,2,0.5076912879943848,noa2021ftlwo,844.33,16.2,|dt|>120s
corinth_thiva_2020,quakescope2026,59,2021-03-23 19:06:32.795540736+00:00,38.0687186513065,22.308322464235726,6.0546875,10,6,4,6,4,0.2702446699142456,noa2021ftlwo,976.63,2.5,|dt|>120s
corinth_thiva_2020,quakescope2026,60,2021-03-23 19:09:01.442069248+00:00,37.915400247792824,22.153407201450943,3.7109375,6,4,2,4,2,0.2301159699757894,noa2021ftlwo,1125.27,20.4,|dt|>120s
corinth_thiva_2020,quakescope2026,61,2021-03-23 19:12:42.606524928+00:00,38.05583264042278,22.26483600013813,16.6015625,5,3,2,3,2,0.2088700771331787,noa2021ftlwo,1346.44,2.0,|dt|>120s
corinth_thiva_2020,quakescope2026,62,2021-03-23 19:15:06.054486784+00:00,38.16562785154612,22.376837565389454,0.1953125,5,3,2,3,2,0.38660593032836915,noa2021ftlwo,1489.88,13.6,|dt|>120s
corinth_thiva_2020,quakescope2026,63,2021-03-23 19:17:32.101141248+00:00,38.025301765325054,22.26502963613911,16.6015625,5,3,2,3,2,0.17063283920288086,noa2021ftnov,-1459.54,3.5,|dt|>120s
corinth_thiva_2020,quakescope2026,67,2021-03-23 19:48:09.668013568+00:00,38.086617088165696,22.333640410983204,6.0546875,9,5,4,5,4,0.2154829502105713,noa2021ftntw,25.87,5.5,5<|dt|<=30s
corinth_thiva_2020,quakescope2026,68,2021-03-23 19:49:05.503528448+00:00,38.08401000639198,22.31549728036594,8.7890625,8,5,3,5,3,0.08490613102912903,noa2021ftntw,81.7,4.5,30<|dt|<=120s
corinth_thiva_2020,quakescope2026,69,2021-03-23 19:57:34.195239424+00:00,37.7614452184724,22.534247451578718,6.0546875,5,3,2,3,2,0.40863871574401855,noa2021ftojb,-465.05,38.9,|dt|>120s
corinth_thiva_2020,quakescope2026,70,2021-03-23 19:58:33.083999488+00:00,38.05341349765847,22.297520751586244,11.1328125,8,5,3,5,3,0.19282332062721252,noa2021ftojb,-406.16,0.4,|dt|>120s
corinth_thiva_2020,quakescope2026,71,2021-03-23 20:04:48.576283904+00:00,37.902625143455104,22.142639633805103,9.9609375,5,3,2,3,2,0.09706435203552247,noa2021ftojb,-30.67,21.9,30<|dt|<=120s
corinth_thiva_2020,quakescope2026,73,2021-03-23 20:07:55.335078144+00:00,38.073780773754635,22.30103142798999,6.0546875,6,3,3,3,3,0.09679917494455974,noa2021ftoja,148.8,2.7,|dt|>120s
corinth_thiva_2020,quakescope2026,74,2021-03-23 20:08:58.112435712+00:00,38.025301765325054,22.26502963613911,15.8203125,5,3,2,3,2,0.09597897529602051,noa2021ftoja,211.57,3.5,|dt|>120s
corinth_thiva_2020,quakescope2026,75,2021-03-23 20:10:22.859818240+00:00,38.13253074099373,22.369729980091034,12.6953125,5,3,2,3,2,0.4619914531707764,noa2021ftoja,296.32,11.6,|dt|>120s
